Workbook

Sheet PROJECT NAME NOV
B1: Project Code / WO - XXXXXXXXXXXXXXXXXXXX | V1: Total Payable | W1: Retention | X1: Net Payable | AQ1: Total Payable | AR1: Retention | AS1: Net Payable | BM1: Total Payable | BN1: Retention | BO1: Net Payable | CI1: Total Payable | CJ1: Retention | CK1: Net Payable | CW1: Total Payable | CX1: Retention | CY1: Net Payable | DC1: Total Payable | DD1: Total Retention | DE1: Net Payable
B2: Project Manager : XXXXXXXXXXX | T2: Total Manpower Cost | V2: =SUM(V7:V106) -> 45762.5 | W2: =SUM(W7:W106) -> 2288.125 | X2: =V2-V4-W2 -> 43474.375 | AQ2: =SUM(AQ7:AQ106) -> 110700 | AR2: =SUM(AR7:AR106) -> 5535 | AS2: =AQ2-AR4-AR2 -> 105165 | BK2: Total Manpower Cost | BM2: =SUM(BM7:BM106) -> 386190.62 | BN2: =SUM(BN7:BN106) -> 19309.531 | BO2: =BM2-BM4-BN2 -> 366881.09 | CG2: Total Manpower Cost | CI2: =SUM(CI7:CI106) -> 425700 | CJ2: =SUM(CJ7:CJ106) -> 21285 | CK2: =CI2-CI4-CJ2 -> 404415 | CU2: Total Manpower Cost | CW2: =SUM(CW7:CW106) -> 112600 | CX2: =SUM(CX7:CX106) -> 5630 | CY2: =CW2-CW4-CX2 -> 106970 | DA2: Total Manpower Cost/Month | DC2: =SUM(V2,AQ2,BM2,CI2,CW2) -> 1080953.1 | DD2: =SUM(AR2,BN2,CJ2,CX2) -> 51759.531 | DE2: =DC2-DC4-DD2 -> 973193.59
B3: Site Supervisor : XXXXXXXXXXX
F4: Saturday | H4: Sunday | J4: Monday | L4: Tuesday | N4: Wednesday | P4: Thursday | T4: Advance | V4: 0 | Y4: Friday | AA4: Saturday | AC4: Sunday | AE4: Monday | AG4: Tuesday | AI4: Wednesday | AK4: Thursday | AQ4: Advance | AR4: 0 | AU4: Friday | AW4: Saturday | AY4: Sunday | BA4: Monday | BC4: Tuesday | BE4: Wednesday | BG4: Thursday | BK4: Advance | BM4: 0 | BQ4: Friday | BS4: Saturday | BU4: Sunday | BW4: Monday | BY4: Tuesday | CA4: Wednesday | CC4: Thursday | CG4: Advance | CI4: 0 | CM4: Friday | CO4: Saturday | CQ4: Sunday | CU4: Advance | CW4: 0 | DA4: Advance | DC4: 56000
B5: Contractor / Vendor | C5: Category | D5: Labour Id | E5: Labour Name | F5: 45962 | H5: 45963 | J5: 45964 | L5: 45965 | N5: 45966 | P5: 45967 | R5: Total Hours | S5: OT Hours | T5: Hourly Rate | U5: Daily Rate | V5: Total Payable | W5: Retention @ 5% | X5: Net Payable | Y5: 45968 | AA5: 45969 | AC5: 45970 | AE5: 45971 | AG5: 45972 | AI5: 45973 | AK5: 45974 | AM5: Hourly Rate | AN5: Daily Rate | AO5: Total Hours | AP5: OT Hours | AQ5: Total Payable | AR5: Retention @ 5% | AS5: Net Payable | AU5: 45975 | AW5: 45976 | AY5: 45977 | BA5: 45978 | BC5: 45979 | BE5: 45980 | BG5: 45981 | BI5: Total Hours | BJ5: OT Hours | BK5: Hourly Rate | BL5: Daily Rate | BM5: Total Payable | BN5: Retention @ 5% | BO5: Net Payable | BQ5: 45982 | BS5: 45983 | BU5: 45984 | BW5: 45985 | BY5: 45986 | CA5: 45987 | CC5: 45988 | CE5: Total Hours | CF5: OT Hours | CG5: Hourly Rate | CH5: Daily Rate | CI5: Total Payable | CJ5: Retention @ 5% | CK5: Net Payable | CM5: 45989 | CO5: 45990 | CQ5: 45991 | CS5: Total Hours | CT5: OT Hours | CU5: Hourly Rate | CV5: Daily Rate | CW5: Total Payable | CX5: Retention @ 5% | CY5: Net Payable
F6: Duty Hours | G6: OT Hours | H6: Duty Hours | I6: OT Hours | J6: Duty Hours | K6: OT Hours | L6: Duty Hours | M6: OT Hours | N6: Duty Hours | O6: OT Hours | P6: Duty Hours | Q6: OT Hours | Y6: Duty Hours | Z6: OT Hours | AA6: Duty Hours | AB6: OT Hours | AC6: Duty Hours | AD6: OT Hours | AE6: Duty Hours | AF6: OT Hours | AG6: Duty Hours | AH6: OT Hours | AI6: Duty Hours | AJ6: OT Hours | AK6: Duty Hours | AL6: OT Hours | AU6: Duty Hours | AV6: OT Hours | AW6: Duty Hours | AX6: OT Hours | AY6: Duty Hours | AZ6: OT Hours | BA6: Duty Hours | BB6: OT Hours | BC6: Duty Hours | BD6: OT Hours | BE6: Duty Hours | BF6: OT Hours | BG6: Duty Hours | BH6: OT Hours | BQ6: Duty Hours | BR6: OT Hours | BS6: Duty Hours | BT6: OT Hours | BU6: Duty Hours | BV6: OT Hours | BW6: Duty Hours | BX6: OT Hours | BY6: Duty Hours | BZ6: OT Hours | CA6: Duty Hours | CB6: OT Hours | CC6: Duty Hours | CD6: OT Hours | CM6: Duty Hours | CN6: OT Hours | CO6: Duty Hours | CP6: OT Hours | CQ6: Duty Hours | CR6: OT Hours | DH6: Helper
B7: Ramakanth | C7: Carpenter | D7: Labour-001 | E7: Ramakanth | R7: =SUM(F7,H7,J7,L7,N7,P7) -> 0 | S7: =SUM(G7,I7,K7,M7,O7,Q7) -> 0 | T7: =IFERROR(INDEX(Settings!$F:$F, MATCH('PROJECT NAME NOV'!$B7 & "-" & 'PROJECT NAME NOV'!$C7, Settings!$H:$H,0)), "") -> 106.25 | U7: =IFERROR(INDEX(Settings!$G:$G, MATCH('PROJECT NAME NOV'!$B7 & "-" & 'PROJECT NAME NOV'!$C7, Settings!$H:$H, 0)), "") -> 850 | V7: =(R7*T7)+(S7*T7) -> 0 | W7: =V7*5% -> 0 | X7: =V7-W7 -> 0 | Y7: 8 | Z7: 0 | AA7: 8 | AB7: 2 | AC7: 8 | AD7: 0 | AE7: 8 | AF7: 2 | AG7: 8 | AH7: 2 | AI7: 8 | AJ7: 2 | AK7: 8 | AL7: 2 | AM7: =IFERROR(INDEX(Settings!$F:$F, MATCH('PROJECT NAME NOV'!$B7 & "-" & 'PROJECT NAME NOV'!$C7, Settings!$H:$H,0)), "") -> 106.25 | AN7: =IFERROR(INDEX(Settings!$G:$G, MATCH('PROJECT NAME NOV'!$B7 & "-" & 'PROJECT NAME NOV'!$C7, Settings!$H:$H, 0)), "") -> 850 | AO7: =SUM(Y7,AA7,AC7,AE7,AG7,AI7,AK7) -> 56 | AP7: =SUM(Z7,AB7,AD7,AF7,AH7,AJ7,AL7) -> 10 | AQ7: =(AO7*AM7)+(AP7*AM7) -> 7012.5 | AR7: =AQ7*5% -> 350.625 | AS7: =AQ7-AR7 -> 6661.875 | AU7: 8 | AV7: 2 | AW7: 8 | AX7: 4 | AY7: 8 | AZ7: 0 | BA7: 8 | BB7: 4 | BC7: 8 | BD7: 4 | BE7: 8 | BF7: 0 | BG7: 8 | BH7: 4 | BI7: =SUM(AU7,AW7,AY7,BA7,BC7,BE7,BG7) -> 56 | BJ7: =SUM(AV7,AX7,AZ7,BB7,BD7,BF7,BH7) -> 18 | BK7: =IFERROR(INDEX(Settings!$F:$F, MATCH('PROJECT NAME NOV'!$B7 & "-" & 'PROJECT NAME NOV'!$C7, Settings!$H:$H,0)), "") -> 106.25 | BL7: =IFERROR(INDEX(Settings!$G:$G, MATCH('PROJECT NAME NOV'!$B7 & "-" & 'PROJECT NAME NOV'!$C7, Settings!$H:$H, 0)), "") -> 850 | BM7: =(BI7*BK7)+(BJ7*BK7) -> 7862.5 | BN7: =BM7*5% -> 393.125 | BO7: =BM7-BN7 -> 7469.375 | BQ7: 8 | BR7: 2 | BS7: 8 | BT7: 2 | BU7: 8 | BV7: 0 | BW7: 8 | BX7: 2 | BY7: 8 | BZ7: 2 | CA7: 8 | CB7: 2 | CC7: 8 | CE7: =SUM(BQ7,BS7,BU7,BW7,BY7,CA7,CC7) -> 56 | CF7: =SUM(BR7,BT7,BV7,BX7,BZ7,CB7,CD7) -> 10 | CG7: =IFERROR(INDEX(Settings!$F:$F, MATCH('PROJECT NAME NOV'!$B7 & "-" & 'PROJECT NAME NOV'!$C7, Settings!$H:$H,0)), "") -> 106.25 | CH7: =IFERROR(INDEX(Settings!$G:$G, MATCH('PROJECT NAME NOV'!$B7 & "-" & 'PROJECT NAME NOV'!$C7, Settings!$H:$H, 0)), "") -> 850 | CI7: =(CE7*CG7)+(CF7*CG7) -> 7012.5 | CJ7: =CI7*5% -> 350.625 | CK7: =CI7-CJ7 -> 6661.875 | CM7: 8 | CN7: 4 | CO7: 8 | CP7: 4 | CS7: =SUM(CM7,CO7,CQ7) -> 16 | CT7: =SUM(CN7,CP7,CR7) -> 8 | CU7: =IFERROR(INDEX(Settings!$F:$F, MATCH('PROJECT NAME NOV'!$B7 & "-" & 'PROJECT NAME NOV'!$C7, Settings!$H:$H,0)), "") -> 106.25 | CV7: =IFERROR(INDEX(Settings!$G:$G, MATCH('PROJECT NAME NOV'!$B7 & "-" & 'PROJECT NAME NOV'!$C7, Settings!$H:$H, 0)), "") -> 850 | CW7: =(CU7*CS7)+(CT7*CU7) -> 2550 | CX7: =CW7*5% -> 127.5 | CY7: =CW7-CX7 -> 2422.5 | DH7: ='Billable Till Date'!B3 & "-" & 'Billable Till Date'!C3 -> L - Reinf Steel Work-MT
B8: Ramakanth | C8: Carpenter | D8: Labour-002 | E8: Ram Kishor | R8: =SUM(F8,H8,J8,L8,N8,P8) -> 0 | S8: =SUM(G8,I8,K8,M8,O8,Q8) -> 0 | T8: =IFERROR(INDEX(Settings!$F:$F, MATCH('PROJECT NAME NOV'!$B8 & "-" & 'PROJECT NAME NOV'!$C8, Settings!$H:$H,0)), "") -> 106.25 | U8: =IFERROR(INDEX(Settings!$G:$G, MATCH('PROJECT NAME NOV'!$B8 & "-" & 'PROJECT NAME NOV'!$C8, Settings!$H:$H, 0)), "") -> 850 | V8: =(R8*T8)+(S8*T8) -> 0 | W8: =V8*5% -> 0 | X8: =V8-W8 -> 0 | Y8: 8 | Z8: 0 | AA8: 8 | AB8: 2 | AC8: 8 | AD8: 0 | AE8: 8 | AF8: 2 | AG8: 8 | AH8: 2 | AI8: 0 | AJ8: 0 | AK8: 0 | AL8: 0 | AM8: =IFERROR(INDEX(Settings!$F:$F, MATCH('PROJECT NAME NOV'!$B8 & "-" & 'PROJECT NAME NOV'!$C8, Settings!$H:$H,0)), "") -> 106.25 | AN8: =IFERROR(INDEX(Settings!$G:$G, MATCH('PROJECT NAME NOV'!$B8 & "-" & 'PROJECT NAME NOV'!$C8, Settings!$H:$H, 0)), "") -> 850 | AO8: =SUM(Y8,AA8,AC8,AE8,AG8,AI8,AK8) -> 40 | AP8: =SUM(Z8,AB8,AD8,AF8,AH8,AJ8,AL8) -> 6 | AQ8: =(AO8*AM8)+(AP8*AM8) -> 4887.5 | AR8: =AQ8*5% -> 244.375 | AS8: =AQ8-AR8 -> 4643.125 | AU8: 0 | AV8: 0 | AW8: 0 | AX8: 0 | AY8: 0 | AZ8: 0 | BA8: 0 | BB8: 0 | BC8: 0 | BD8: 0 | BE8: 0 | BF8: 0 | BG8: 0 | BH8: 0 | BI8: =SUM(AU8,AW8,AY8,BA8,BC8,BE8,BG8) -> 0 | BJ8: =SUM(AV8,AX8,AZ8,BB8,BD8,BF8,BH8) -> 0 | BK8: =IFERROR(INDEX(Settings!$F:$F, MATCH('PROJECT NAME NOV'!$B8 & "-" & 'PROJECT NAME NOV'!$C8, Settings!$H:$H,0)), "") -> 106.25 | BL8: =IFERROR(INDEX(Settings!$G:$G, MATCH('PROJECT NAME NOV'!$B8 & "-" & 'PROJECT NAME NOV'!$C8, Settings!$H:$H, 0)), "") -> 850 | BM8: =(BI8*BK8)+(BJ8*BK8) -> 0 | BN8: =BM8*5% -> 0 | BO8: =BM8-BN8 -> 0 | BQ8: 0 | BR8: 0 | BS8: 0 | BT8: 0 | BU8: 0 | BV8: 0 | BW8: 0 | BX8: 0 | BY8: 0 | BZ8: 0 | CA8: 0 | CB8: 0 | CC8: 0 | CD8: 0 | CE8: =SUM(BQ8,BS8,BU8,BW8,BY8,CA8,CC8) -> 0 | CF8: =SUM(BR8,BT8,BV8,BX8,BZ8,CB8,CD8) -> 0 | CG8: =IFERROR(INDEX(Settings!$F:$F, MATCH('PROJECT NAME NOV'!$B8 & "-" & 'PROJECT NAME NOV'!$C8, Settings!$H:$H,0)), "") -> 106.25 | CH8: =IFERROR(INDEX(Settings!$G:$G, MATCH('PROJECT NAME NOV'!$B8 & "-" & 'PROJECT NAME NOV'!$C8, Settings!$H:$H, 0)), "") -> 850 | CI8: =(CE8*CG8)+(CF8*CG8) -> 0 | CJ8: =CI8*5% -> 0 | CK8: =CI8-CJ8 -> 0 | CM8: 0 | CS8: =SUM(CM8,CO8,CQ8) -> 0 | CT8: =SUM(CN8,CP8,CR8) -> 0 | CU8: =IFERROR(INDEX(Settings!$F:$F, MATCH('PROJECT NAME NOV'!$B8 & "-" & 'PROJECT NAME NOV'!$C8, Settings!$H:$H,0)), "") -> 106.25 | CV8: =IFERROR(INDEX(Settings!$G:$G, MATCH('PROJECT NAME NOV'!$B8 & "-" & 'PROJECT NAME NOV'!$C8, Settings!$H:$H, 0)), "") -> 850 | CW8: =(CU8*CS8)+(CT8*CU8) -> 0 | CX8: =CW8*5% -> 0 | CY8: =CW8-CX8 -> 0 | DH8: ='Billable Till Date'!B4 & "-" & 'Billable Till Date'!C4 -> L - Shuttering-Footings in Sub Str (Foundation)-Sqm
B9: Ramakanth | C9: Carpenter | D9: Labour-003 | E9: Hiraman Saurat | R9: =SUM(F9,H9,J9,L9,N9,P9) -> 0 | S9: =SUM(G9,I9,K9,M9,O9,Q9) -> 0 | T9: =IFERROR(INDEX(Settings!$F:$F, MATCH('PROJECT NAME NOV'!$B9 & "-" & 'PROJECT NAME NOV'!$C9, Settings!$H:$H,0)), "") -> 106.25 | U9: =IFERROR(INDEX(Settings!$G:$G, MATCH('PROJECT NAME NOV'!$B9 & "-" & 'PROJECT NAME NOV'!$C9, Settings!$H:$H, 0)), "") -> 850 | V9: =(R9*T9)+(S9*T9) -> 0 | W9: =V9*5% -> 0 | X9: =V9-W9 -> 0 | Y9: 8 | Z9: 0 | AA9: 8 | AB9: 2 | AC9: 8 | AD9: 0 | AE9: 8 | AF9: 2 | AG9: 8 | AH9: 2 | AI9: 8 | AJ9: 2 | AK9: 8 | AL9: 2 | AM9: =IFERROR(INDEX(Settings!$F:$F, MATCH('PROJECT NAME NOV'!$B9 & "-" & 'PROJECT NAME NOV'!$C9, Settings!$H:$H,0)), "") -> 106.25 | AN9: =IFERROR(INDEX(Settings!$G:$G, MATCH('PROJECT NAME NOV'!$B9 & "-" & 'PROJECT NAME NOV'!$C9, Settings!$H:$H, 0)), "") -> 850 | AO9: =SUM(Y9,AA9,AC9,AE9,AG9,AI9,AK9) -> 56 | AP9: =SUM(Z9,AB9,AD9,AF9,AH9,AJ9,AL9) -> 10 | AQ9: =(AO9*AM9)+(AP9*AM9) -> 7012.5 | AR9: =AQ9*5% -> 350.625 | AS9: =AQ9-AR9 -> 6661.875 | AU9: 8 | AV9: 2 | AW9: 8 | AX9: 4 | AY9: 8 | AZ9: 0 | BA9: 8 | BB9: 4 | BC9: 8 | BD9: 4 | BE9: 8 | BF9: 0 | BG9: 8 | BH9: 4 | BI9: =SUM(AU9,AW9,AY9,BA9,BC9,BE9,BG9) -> 56 | BJ9: =SUM(AV9,AX9,AZ9,BB9,BD9,BF9,BH9) -> 18 | BK9: =IFERROR(INDEX(Settings!$F:$F, MATCH('PROJECT NAME NOV'!$B9 & "-" & 'PROJECT NAME NOV'!$C9, Settings!$H:$H,0)), "") -> 106.25 | BL9: =IFERROR(INDEX(Settings!$G:$G, MATCH('PROJECT NAME NOV'!$B9 & "-" & 'PROJECT NAME NOV'!$C9, Settings!$H:$H, 0)), "") -> 850 | BM9: =(BI9*BK9)+(BJ9*BK9) -> 7862.5 | BN9: =BM9*5% -> 393.125 | BO9: =BM9-BN9 -> 7469.375 | BQ9: 8 | BR9: 2 | BS9: 8 | BT9: 2 | BU9: 8 | BV9: 0 | BW9: 8 | BX9: 2 | BY9: 8 | BZ9: 2 | CA9: 8 | CB9: 0 | CC9: 0 | CE9: =SUM(BQ9,BS9,BU9,BW9,BY9,CA9,CC9) -> 48 | CF9: =SUM(BR9,BT9,BV9,BX9,BZ9,CB9,CD9) -> 8 | CG9: =IFERROR(INDEX(Settings!$F:$F, MATCH('PROJECT NAME NOV'!$B9 & "-" & 'PROJECT NAME NOV'!$C9, Settings!$H:$H,0)), "") -> 106.25 | CH9: =IFERROR(INDEX(Settings!$G:$G, MATCH('PROJECT NAME NOV'!$B9 & "-" & 'PROJECT NAME NOV'!$C9, Settings!$H:$H, 0)), "") -> 850 | CI9: =(CE9*CG9)+(CF9*CG9) -> 5950 | CJ9: =CI9*5% -> 297.5 | CK9: =CI9-CJ9 -> 5652.5 | CM9: 0 | CS9: =SUM(CM9,CO9,CQ9) -> 0 | CT9: =SUM(CN9,CP9,CR9) -> 0 | CU9: =IFERROR(INDEX(Settings!$F:$F, MATCH('PROJECT NAME NOV'!$B9 & "-" & 'PROJECT NAME NOV'!$C9, Settings!$H:$H,0)), "") -> 106.25 | CV9: =IFERROR(INDEX(Settings!$G:$G, MATCH('PROJECT NAME NOV'!$B9 & "-" & 'PROJECT NAME NOV'!$C9, Settings!$H:$H, 0)), "") -> 850 | CW9: =(CU9*CS9)+(CT9*CU9) -> 0 | CX9: =CW9*5% -> 0 | CY9: =CW9-CX9 -> 0 | DH9: ='Billable Till Date'!B5 & "-" & 'Billable Till Date'!C5 -> L - Reinforcement Work (Site Infra)-MT
B10: Ramakanth | C10: Carpenter | D10: Labour-004 | E10: Vikram Adivasi | R10: =SUM(F10,H10,J10,L10,N10,P10) -> 0 | S10: =SUM(G10,I10,K10,M10,O10,Q10) -> 0 | T10: =IFERROR(INDEX(Settings!$F:$F, MATCH('PROJECT NAME NOV'!$B10 & "-" & 'PROJECT NAME NOV'!$C10, Settings!$H:$H,0)), "") -> 106.25 | U10: =IFERROR(INDEX(Settings!$G:$G, MATCH('PROJECT NAME NOV'!$B10 & "-" & 'PROJECT NAME NOV'!$C10, Settings!$H:$H, 0)), "") -> 850 | V10: =(R10*T10)+(S10*T10) -> 0 | W10: =V10*5% -> 0 | X10: =V10-W10 -> 0 | Y10: 8 | Z10: 0 | AA10: 8 | AB10: 2 | AC10: 8 | AD10: 0 | AE10: 0 | AF10: 0 | AG10: 0 | AH10: 0 | AI10: 0 | AJ10: 0 | AK10: 0 | AL10: 0 | AM10: =IFERROR(INDEX(Settings!$F:$F, MATCH('PROJECT NAME NOV'!$B10 & "-" & 'PROJECT NAME NOV'!$C10, Settings!$H:$H,0)), "") -> 106.25 | AN10: =IFERROR(INDEX(Settings!$G:$G, MATCH('PROJECT NAME NOV'!$B10 & "-" & 'PROJECT NAME NOV'!$C10, Settings!$H:$H, 0)), "") -> 850 | AO10: =SUM(Y10,AA10,AC10,AE10,AG10,AI10,AK10) -> 24 | AP10: =SUM(Z10,AB10,AD10,AF10,AH10,AJ10,AL10) -> 2 | AQ10: =(AO10*AM10)+(AP10*AM10) -> 2762.5 | AR10: =AQ10*5% -> 138.125 | AS10: =AQ10-AR10 -> 2624.375 | AU10: 0 | AV10: 0 | AW10: 0 | AX10: 0 | AY10: 0 | AZ10: 0 | BA10: 0 | BB10: 0 | BC10: 0 | BD10: 0 | BE10: 0 | BF10: 0 | BG10: 0 | BH10: 0 | BI10: =SUM(AU10,AW10,AY10,BA10,BC10,BE10,BG10) -> 0 | BJ10: =SUM(AV10,AX10,AZ10,BB10,BD10,BF10,BH10) -> 0 | BK10: =IFERROR(INDEX(Settings!$F:$F, MATCH('PROJECT NAME NOV'!$B10 & "-" & 'PROJECT NAME NOV'!$C10, Settings!$H:$H,0)), "") -> 106.25 | BL10: =IFERROR(INDEX(Settings!$G:$G, MATCH('PROJECT NAME NOV'!$B10 & "-" & 'PROJECT NAME NOV'!$C10, Settings!$H:$H, 0)), "") -> 850 | BM10: =(BI10*BK10)+(BJ10*BK10) -> 0 | BN10: =BM10*5% -> 0 | BO10: =BM10-BN10 -> 0 | BQ10: 0 | BR10: 0 | BS10: 0 | BT10: 0 | BU10: 0 | BV10: 0 | BW10: 0 | BX10: 0 | BY10: 0 | BZ10: 0 | CA10: 0 | CB10: 0 | CC10: 0 | CD10: 0 | CE10: =SUM(BQ10,BS10,BU10,BW10,BY10,CA10,CC10) -> 0 | CF10: =SUM(BR10,BT10,BV10,BX10,BZ10,CB10,CD10) -> 0 | CG10: =IFERROR(INDEX(Settings!$F:$F, MATCH('PROJECT NAME NOV'!$B10 & "-" & 'PROJECT NAME NOV'!$C10, Settings!$H:$H,0)), "") -> 106.25 | CH10: =IFERROR(INDEX(Settings!$G:$G, MATCH('PROJECT NAME NOV'!$B10 & "-" & 'PROJECT NAME NOV'!$C10, Settings!$H:$H, 0)), "") -> 850 | CI10: =(CE10*CG10)+(CF10*CG10) -> 0 | CJ10: =CI10*5% -> 0 | CK10: =CI10-CJ10 -> 0 | CM10: 8 | CN10: 4 | CO10: 8 | CP10: 4 | CS10: =SUM(CM10,CO10,CQ10) -> 16 | CT10: =SUM(CN10,CP10,CR10) -> 8 | CU10: =IFERROR(INDEX(Settings!$F:$F, MATCH('PROJECT NAME NOV'!$B10 & "-" & 'PROJECT NAME NOV'!$C10, Settings!$H:$H,0)), "") -> 106.25 | CV10: =IFERROR(INDEX(Settings!$G:$G, MATCH('PROJECT NAME NOV'!$B10 & "-" & 'PROJECT NAME NOV'!$C10, Settings!$H:$H, 0)), "") -> 850 | CW10: =(CU10*CS10)+(CT10*CU10) -> 2550 | CX10: =CW10*5% -> 127.5 | CY10: =CW10-CX10 -> 2422.5 | DH10: ='Billable Till Date'!B6 & "-" & 'Billable Till Date'!C6 -> L - Shuttering Work (Site Infra)-Sqm
B11: Ramakanth | C11: Carpenter | D11: Labour-005 | E11: buddan Kori | R11: =SUM(F11,H11,J11,L11,N11,P11) -> 0 | S11: =SUM(G11,I11,K11,M11,O11,Q11) -> 0 | T11: =IFERROR(INDEX(Settings!$F:$F, MATCH('PROJECT NAME NOV'!$B11 & "-" & 'PROJECT NAME NOV'!$C11, Settings!$H:$H,0)), "") -> 106.25 | U11: =IFERROR(INDEX(Settings!$G:$G, MATCH('PROJECT NAME NOV'!$B11 & "-" & 'PROJECT NAME NOV'!$C11, Settings!$H:$H, 0)), "") -> 850 | V11: =(R11*T11)+(S11*T11) -> 0 | W11: =V11*5% -> 0 | X11: =V11-W11 -> 0 | Y11: 8 | Z11: 0 | AA11: 8 | AB11: 2 | AC11: 8 | AD11: 0 | AE11: 8 | AF11: 2 | AG11: 8 | AH11: 2 | AI11: 8 | AJ11: 2 | AK11: 8 | AL11: 2 | AM11: =IFERROR(INDEX(Settings!$F:$F, MATCH('PROJECT NAME NOV'!$B11 & "-" & 'PROJECT NAME NOV'!$C11, Settings!$H:$H,0)), "") -> 106.25 | AN11: =IFERROR(INDEX(Settings!$G:$G, MATCH('PROJECT NAME NOV'!$B11 & "-" & 'PROJECT NAME NOV'!$C11, Settings!$H:$H, 0)), "") -> 850 | AO11: =SUM(Y11,AA11,AC11,AE11,AG11,AI11,AK11) -> 56 | AP11: =SUM(Z11,AB11,AD11,AF11,AH11,AJ11,AL11) -> 10 | AQ11: =(AO11*AM11)+(AP11*AM11) -> 7012.5 | AR11: =AQ11*5% -> 350.625 | AS11: =AQ11-AR11 -> 6661.875 | AU11: 8 | AV11: 2 | AW11: 8 | AX11: 4 | AY11: 8 | AZ11: 0 | BA11: 8 | BB11: 4 | BC11: 8 | BD11: 4 | BE11: 8 | BF11: 0 | BG11: 8 | BH11: 4 | BI11: =SUM(AU11,AW11,AY11,BA11,BC11,BE11,BG11) -> 56 | BJ11: =SUM(AV11,AX11,AZ11,BB11,BD11,BF11,BH11) -> 18 | BK11: =IFERROR(INDEX(Settings!$F:$F, MATCH('PROJECT NAME NOV'!$B11 & "-" & 'PROJECT NAME NOV'!$C11, Settings!$H:$H,0)), "") -> 106.25 | BL11: =IFERROR(INDEX(Settings!$G:$G, MATCH('PROJECT NAME NOV'!$B11 & "-" & 'PROJECT NAME NOV'!$C11, Settings!$H:$H, 0)), "") -> 850 | BM11: =(BI11*BK11)+(BJ11*BK11) -> 7862.5 | BN11: =BM11*5% -> 393.125 | BO11: =BM11-BN11 -> 7469.375 | BQ11: 8 | BR11: 2 | BS11: 8 | BT11: 2 | BU11: 8 | BV11: 0 | BW11: 8 | BX11: 2 | BY11: 8 | BZ11: 2 | CA11: 8 | CB11: 0 | CC11: 0 | CE11: =SUM(BQ11,BS11,BU11,BW11,BY11,CA11,CC11) -> 48 | CF11: =SUM(BR11,BT11,BV11,BX11,BZ11,CB11,CD11) -> 8 | CG11: =IFERROR(INDEX(Settings!$F:$F, MATCH('PROJECT NAME NOV'!$B11 & "-" & 'PROJECT NAME NOV'!$C11, Settings!$H:$H,0)), "") -> 106.25 | CH11: =IFERROR(INDEX(Settings!$G:$G, MATCH('PROJECT NAME NOV'!$B11 & "-" & 'PROJECT NAME NOV'!$C11, Settings!$H:$H, 0)), "") -> 850 | CI11: =(CE11*CG11)+(CF11*CG11) -> 5950 | CJ11: =CI11*5% -> 297.5 | CK11: =CI11-CJ11 -> 5652.5 | CM11: 0 | CS11: =SUM(CM11,CO11,CQ11) -> 0 | CT11: =SUM(CN11,CP11,CR11) -> 0 | CU11: =IFERROR(INDEX(Settings!$F:$F, MATCH('PROJECT NAME NOV'!$B11 & "-" & 'PROJECT NAME NOV'!$C11, Settings!$H:$H,0)), "") -> 106.25 | CV11: =IFERROR(INDEX(Settings!$G:$G, MATCH('PROJECT NAME NOV'!$B11 & "-" & 'PROJECT NAME NOV'!$C11, Settings!$H:$H, 0)), "") -> 850 | CW11: =(CU11*CS11)+(CT11*CU11) -> 0 | CX11: =CW11*5% -> 0 | CY11: =CW11-CX11 -> 0 | DH11: ='Billable Till Date'!B7 & "-" & 'Billable Till Date'!C7 -> Task/Activity-Unit Type
B12: Ramakanth | C12: Carpenter | D12: Labour-006 | E12: Dhiraj Kori | R12: =SUM(F12,H12,J12,L12,N12,P12) -> 0 | S12: =SUM(G12,I12,K12,M12,O12,Q12) -> 0 | T12: =IFERROR(INDEX(Settings!$F:$F, MATCH('PROJECT NAME NOV'!$B12 & "-" & 'PROJECT NAME NOV'!$C12, Settings!$H:$H,0)), "") -> 106.25 | U12: =IFERROR(INDEX(Settings!$G:$G, MATCH('PROJECT NAME NOV'!$B12 & "-" & 'PROJECT NAME NOV'!$C12, Settings!$H:$H, 0)), "") -> 850 | V12: =(R12*T12)+(S12*T12) -> 0 | W12: =V12*5% -> 0 | X12: =V12-W12 -> 0 | Y12: 8 | Z12: 0 | AA12: 8 | AB12: 2 | AC12: 8 | AD12: 0 | AE12: 8 | AF12: 2 | AG12: 8 | AH12: 2 | AI12: 8 | AJ12: 2 | AK12: 8 | AL12: 2 | AM12: =IFERROR(INDEX(Settings!$F:$F, MATCH('PROJECT NAME NOV'!$B12 & "-" & 'PROJECT NAME NOV'!$C12, Settings!$H:$H,0)), "") -> 106.25 | AN12: =IFERROR(INDEX(Settings!$G:$G, MATCH('PROJECT NAME NOV'!$B12 & "-" & 'PROJECT NAME NOV'!$C12, Settings!$H:$H, 0)), "") -> 850 | AO12: =SUM(Y12,AA12,AC12,AE12,AG12,AI12,AK12) -> 56 | AP12: =SUM(Z12,AB12,AD12,AF12,AH12,AJ12,AL12) -> 10 | AQ12: =(AO12*AM12)+(AP12*AM12) -> 7012.5 | AR12: =AQ12*5% -> 350.625 | AS12: =AQ12-AR12 -> 6661.875 | AU12: 8 | AV12: 2 | AW12: 8 | AX12: 4 | AY12: 8 | AZ12: 0 | BA12: 8 | BB12: 4 | BC12: 8 | BD12: 4 | BE12: 8 | BF12: 0 | BG12: 8 | BH12: 4 | BI12: =SUM(AU12,AW12,AY12,BA12,BC12,BE12,BG12) -> 56 | BJ12: =SUM(AV12,AX12,AZ12,BB12,BD12,BF12,BH12) -> 18 | BK12: =IFERROR(INDEX(Settings!$F:$F, MATCH('PROJECT NAME NOV'!$B12 & "-" & 'PROJECT NAME NOV'!$C12, Settings!$H:$H,0)), "") -> 106.25 | BL12: =IFERROR(INDEX(Settings!$G:$G, MATCH('PROJECT NAME NOV'!$B12 & "-" & 'PROJECT NAME NOV'!$C12, Settings!$H:$H, 0)), "") -> 850 | BM12: =(BI12*BK12)+(BJ12*BK12) -> 7862.5 | BN12: =BM12*5% -> 393.125 | BO12: =BM12-BN12 -> 7469.375 | BQ12: 8 | BR12: 2 | BS12: 8 | BT12: 2 | BU12: 8 | BV12: 0 | BW12: 8 | BX12: 2 | BY12: 8 | BZ12: 2 | CA12: 8 | CB12: 2 | CC12: 8 | CE12: =SUM(BQ12,BS12,BU12,BW12,BY12,CA12,CC12) -> 56 | CF12: =SUM(BR12,BT12,BV12,BX12,BZ12,CB12,CD12) -> 10 | CG12: =IFERROR(INDEX(Settings!$F:$F, MATCH('PROJECT NAME NOV'!$B12 & "-" & 'PROJECT NAME NOV'!$C12, Settings!$H:$H,0)), "") -> 106.25 | CH12: =IFERROR(INDEX(Settings!$G:$G, MATCH('PROJECT NAME NOV'!$B12 & "-" & 'PROJECT NAME NOV'!$C12, Settings!$H:$H, 0)), "") -> 850 | CI12: =(CE12*CG12)+(CF12*CG12) -> 7012.5 | CJ12: =CI12*5% -> 350.625 | CK12: =CI12-CJ12 -> 6661.875 | CM12: 8 | CN12: 4 | CO12: 8 | CP12: 4 | CS12: =SUM(CM12,CO12,CQ12) -> 16 | CT12: =SUM(CN12,CP12,CR12) -> 8 | CU12: =IFERROR(INDEX(Settings!$F:$F, MATCH('PROJECT NAME NOV'!$B12 & "-" & 'PROJECT NAME NOV'!$C12, Settings!$H:$H,0)), "") -> 106.25 | CV12: =IFERROR(INDEX(Settings!$G:$G, MATCH('PROJECT NAME NOV'!$B12 & "-" & 'PROJECT NAME NOV'!$C12, Settings!$H:$H, 0)), "") -> 850 | CW12: =(CU12*CS12)+(CT12*CU12) -> 2550 | CX12: =CW12*5% -> 127.5 | CY12: =CW12-CX12 -> 2422.5 | DH12: ='Billable Till Date'!B8 & "-" & 'Billable Till Date'!C8 -> Task/Activity-Unit Type
B13: Ramakanth | C13: Carpenter | D13: Labour-007 | E13: Pavan Kumar | R13: =SUM(F13,H13,J13,L13,N13,P13) -> 0 | S13: =SUM(G13,I13,K13,M13,O13,Q13) -> 0 | T13: =IFERROR(INDEX(Settings!$F:$F, MATCH('PROJECT NAME NOV'!$B13 & "-" & 'PROJECT NAME NOV'!$C13, Settings!$H:$H,0)), "") -> 106.25 | U13: =IFERROR(INDEX(Settings!$G:$G, MATCH('PROJECT NAME NOV'!$B13 & "-" & 'PROJECT NAME NOV'!$C13, Settings!$H:$H, 0)), "") -> 850 | V13: =(R13*T13)+(S13*T13) -> 0 | W13: =V13*5% -> 0 | X13: =V13-W13 -> 0 | Y13: 8 | Z13: 0 | AA13: 8 | AB13: 2 | AC13: 8 | AD13: 0 | AE13: 8 | AF13: 2 | AG13: 8 | AH13: 2 | AI13: 0 | AJ13: 0 | AK13: 8 | AL13: 2 | AM13: =IFERROR(INDEX(Settings!$F:$F, MATCH('PROJECT NAME NOV'!$B13 & "-" & 'PROJECT NAME NOV'!$C13, Settings!$H:$H,0)), "") -> 106.25 | AN13: =IFERROR(INDEX(Settings!$G:$G, MATCH('PROJECT NAME NOV'!$B13 & "-" & 'PROJECT NAME NOV'!$C13, Settings!$H:$H, 0)), "") -> 850 | AO13: =SUM(Y13,AA13,AC13,AE13,AG13,AI13,AK13) -> 48 | AP13: =SUM(Z13,AB13,AD13,AF13,AH13,AJ13,AL13) -> 8 | AQ13: =(AO13*AM13)+(AP13*AM13) -> 5950 | AR13: =AQ13*5% -> 297.5 | AS13: =AQ13-AR13 -> 5652.5 | AU13: 8 | AV13: 2 | AW13: 8 | AX13: 4 | AY13: 8 | AZ13: 0 | BA13: 8 | BB13: 4 | BC13: 8 | BD13: 4 | BE13: 8 | BF13: 0 | BG13: 8 | BH13: 4 | BI13: =SUM(AU13,AW13,AY13,BA13,BC13,BE13,BG13) -> 56 | BJ13: =SUM(AV13,AX13,AZ13,BB13,BD13,BF13,BH13) -> 18 | BK13: =IFERROR(INDEX(Settings!$F:$F, MATCH('PROJECT NAME NOV'!$B13 & "-" & 'PROJECT NAME NOV'!$C13, Settings!$H:$H,0)), "") -> 106.25 | BL13: =IFERROR(INDEX(Settings!$G:$G, MATCH('PROJECT NAME NOV'!$B13 & "-" & 'PROJECT NAME NOV'!$C13, Settings!$H:$H, 0)), "") -> 850 | BM13: =(BI13*BK13)+(BJ13*BK13) -> 7862.5 | BN13: =BM13*5% -> 393.125 | BO13: =BM13-BN13 -> 7469.375 | BQ13: 8 | BR13: 2 | BS13: 8 | BT13: 2 | BU13: 8 | BV13: 0 | BW13: 8 | BX13: 2 | BY13: 8 | BZ13: 2 | CA13: 8 | CB13: 2 | CC13: 8 | CE13: =SUM(BQ13,BS13,BU13,BW13,BY13,CA13,CC13) -> 56 | CF13: =SUM(BR13,BT13,BV13,BX13,BZ13,CB13,CD13) -> 10 | CG13: =IFERROR(INDEX(Settings!$F:$F, MATCH('PROJECT NAME NOV'!$B13 & "-" & 'PROJECT NAME NOV'!$C13, Settings!$H:$H,0)), "") -> 106.25 | CH13: =IFERROR(INDEX(Settings!$G:$G, MATCH('PROJECT NAME NOV'!$B13 & "-" & 'PROJECT NAME NOV'!$C13, Settings!$H:$H, 0)), "") -> 850 | CI13: =(CE13*CG13)+(CF13*CG13) -> 7012.5 | CJ13: =CI13*5% -> 350.625 | CK13: =CI13-CJ13 -> 6661.875 | CS13: =SUM(CM13,CO13,CQ13) -> 0 | CT13: =SUM(CN13,CP13,CR13) -> 0 | CU13: =IFERROR(INDEX(Settings!$F:$F, MATCH('PROJECT NAME NOV'!$B13 & "-" & 'PROJECT NAME NOV'!$C13, Settings!$H:$H,0)), "") -> 106.25 | CV13: =IFERROR(INDEX(Settings!$G:$G, MATCH('PROJECT NAME NOV'!$B13 & "-" & 'PROJECT NAME NOV'!$C13, Settings!$H:$H, 0)), "") -> 850 | CW13: =(CU13*CS13)+(CT13*CU13) -> 0 | CX13: =CW13*5% -> 0 | CY13: =CW13-CX13 -> 0 | DH13: ='Billable Till Date'!B9 & "-" & 'Billable Till Date'!C9 -> Task/Activity-Unit Type
B14: Ramakanth | C14: Carpenter Helper | D14: Labour-008 | E14: Rajesh | R14: =SUM(F14,H14,J14,L14,N14,P14) -> 0 | S14: =SUM(G14,I14,K14,M14,O14,Q14) -> 0 | T14: =IFERROR(INDEX(Settings!$F:$F, MATCH('PROJECT NAME NOV'!$B14 & "-" & 'PROJECT NAME NOV'!$C14, Settings!$H:$H,0)), "") -> 81.25 | U14: =IFERROR(INDEX(Settings!$G:$G, MATCH('PROJECT NAME NOV'!$B14 & "-" & 'PROJECT NAME NOV'!$C14, Settings!$H:$H, 0)), "") -> 650 | V14: =(R14*T14)+(S14*T14) -> 0 | W14: =V14*5% -> 0 | X14: =V14-W14 -> 0 | Y14: 8 | Z14: 0 | AA14: 8 | AB14: 2 | AC14: 0 | AD14: 0 | AE14: 8 | AF14: 2 | AG14: 8 | AH14: 2 | AI14: 8 | AJ14: 2 | AK14: 8 | AL14: 2 | AM14: =IFERROR(INDEX(Settings!$F:$F, MATCH('PROJECT NAME NOV'!$B14 & "-" & 'PROJECT NAME NOV'!$C14, Settings!$H:$H,0)), "") -> 81.25 | AN14: =IFERROR(INDEX(Settings!$G:$G, MATCH('PROJECT NAME NOV'!$B14 & "-" & 'PROJECT NAME NOV'!$C14, Settings!$H:$H, 0)), "") -> 650 | AO14: =SUM(Y14,AA14,AC14,AE14,AG14,AI14,AK14) -> 48 | AP14: =SUM(Z14,AB14,AD14,AF14,AH14,AJ14,AL14) -> 10 | AQ14: =(AO14*AM14)+(AP14*AM14) -> 4712.5 | AR14: =AQ14*5% -> 235.625 | AS14: =AQ14-AR14 -> 4476.875 | AU14: 8 | AV14: 2 | AW14: 8 | AX14: 4 | AY14: 8 | AZ14: 0 | BA14: 8 | BB14: 4 | BC14: 8 | BD14: 4 | BE14: 8 | BF14: 0 | BG14: 8 | BH14: 4 | BI14: =SUM(AU14,AW14,AY14,BA14,BC14,BE14,BG14) -> 56 | BJ14: =SUM(AV14,AX14,AZ14,BB14,BD14,BF14,BH14) -> 18 | BK14: =IFERROR(INDEX(Settings!$F:$F, MATCH('PROJECT NAME NOV'!$B14 & "-" & 'PROJECT NAME NOV'!$C14, Settings!$H:$H,0)), "") -> 81.25 | BL14: =IFERROR(INDEX(Settings!$G:$G, MATCH('PROJECT NAME NOV'!$B14 & "-" & 'PROJECT NAME NOV'!$C14, Settings!$H:$H, 0)), "") -> 650 | BM14: =(BI14*BK14)+(BJ14*BK14) -> 6012.5 | BN14: =BM14*5% -> 300.625 | BO14: =BM14-BN14 -> 5711.875 | BQ14: 8 | BR14: 2 | BS14: 8 | BT14: 2 | BU14: 8 | BV14: 0 | BW14: 8 | BX14: 2 | BY14: 8 | BZ14: 2 | CA14: 8 | CB14: 2 | CC14: 8 | CE14: =SUM(BQ14,BS14,BU14,BW14,BY14,CA14,CC14) -> 56 | CF14: =SUM(BR14,BT14,BV14,BX14,BZ14,CB14,CD14) -> 10 | CG14: =IFERROR(INDEX(Settings!$F:$F, MATCH('PROJECT NAME NOV'!$B14 & "-" & 'PROJECT NAME NOV'!$C14, Settings!$H:$H,0)), "") -> 81.25 | CH14: =IFERROR(INDEX(Settings!$G:$G, MATCH('PROJECT NAME NOV'!$B14 & "-" & 'PROJECT NAME NOV'!$C14, Settings!$H:$H, 0)), "") -> 650 | CI14: =(CE14*CG14)+(CF14*CG14) -> 5362.5 | CJ14: =CI14*5% -> 268.125 | CK14: =CI14-CJ14 -> 5094.375 | CM14: 8 | CN14: 4 | CO14: 8 | CP14: 4 | CS14: =SUM(CM14,CO14,CQ14) -> 16 | CT14: =SUM(CN14,CP14,CR14) -> 8 | CU14: =IFERROR(INDEX(Settings!$F:$F, MATCH('PROJECT NAME NOV'!$B14 & "-" & 'PROJECT NAME NOV'!$C14, Settings!$H:$H,0)), "") -> 81.25 | CV14: =IFERROR(INDEX(Settings!$G:$G, MATCH('PROJECT NAME NOV'!$B14 & "-" & 'PROJECT NAME NOV'!$C14, Settings!$H:$H, 0)), "") -> 650 | CW14: =(CU14*CS14)+(CT14*CU14) -> 1950 | CX14: =CW14*5% -> 97.5 | CY14: =CW14-CX14 -> 1852.5 | DH14: ='Billable Till Date'!B10 & "-" & 'Billable Till Date'!C10 -> Task/Activity-Unit Type
B15: Ramakanth | C15: Carpenter Helper | D15: Labour-009 | E15: Shivendra | F15: 8 | G15: 0 | H15: 8 | I15: 2 | J15: 8 | K15: 2 | L15: 8 | M15: 2 | N15: 8 | O15: 2 | R15: =SUM(F15,H15,J15,L15,N15,P15) -> 40 | S15: =SUM(G15,I15,K15,M15,O15,Q15) -> 8 | T15: =IFERROR(INDEX(Settings!$F:$F, MATCH('PROJECT NAME NOV'!$B15 & "-" & 'PROJECT NAME NOV'!$C15, Settings!$H:$H,0)), "") -> 81.25 | U15: =IFERROR(INDEX(Settings!$G:$G, MATCH('PROJECT NAME NOV'!$B15 & "-" & 'PROJECT NAME NOV'!$C15, Settings!$H:$H, 0)), "") -> 650 | V15: =(R15*T15)+(S15*T15) -> 3900 | W15: =V15*5% -> 195 | X15: =V15-W15 -> 3705 | Y15: 8 | Z15: 0 | AA15: 8 | AB15: 2 | AC15: 8 | AD15: 0 | AE15: 8 | AF15: 2 | AG15: 8 | AH15: 2 | AI15: 8 | AJ15: 2 | AK15: 8 | AL15: 2 | AM15: =IFERROR(INDEX(Settings!$F:$F, MATCH('PROJECT NAME NOV'!$B15 & "-" & 'PROJECT NAME NOV'!$C15, Settings!$H:$H,0)), "") -> 81.25 | AN15: =IFERROR(INDEX(Settings!$G:$G, MATCH('PROJECT NAME NOV'!$B15 & "-" & 'PROJECT NAME NOV'!$C15, Settings!$H:$H, 0)), "") -> 650 | AO15: =SUM(Y15,AA15,AC15,AE15,AG15,AI15,AK15) -> 56 | AP15: =SUM(Z15,AB15,AD15,AF15,AH15,AJ15,AL15) -> 10 | AQ15: =(AO15*AM15)+(AP15*AM15) -> 5362.5 | AR15: =AQ15*5% -> 268.125 | AS15: =AQ15-AR15 -> 5094.375 | AU15: 8 | AV15: 2 | AW15: 8 | AX15: 4 | AY15: 8 | AZ15: 0 | BA15: 8 | BB15: 4 | BC15: 8 | BD15: 4 | BE15: 8 | BF15: 0 | BG15: 0 | BH15: 4 | BI15: =SUM(AU15,AW15,AY15,BA15,BC15,BE15,BG15) -> 48 | BJ15: =SUM(AV15,AX15,AZ15,BB15,BD15,BF15,BH15) -> 18 | BK15: =IFERROR(INDEX(Settings!$F:$F, MATCH('PROJECT NAME NOV'!$B15 & "-" & 'PROJECT NAME NOV'!$C15, Settings!$H:$H,0)), "") -> 81.25 | BL15: =IFERROR(INDEX(Settings!$G:$G, MATCH('PROJECT NAME NOV'!$B15 & "-" & 'PROJECT NAME NOV'!$C15, Settings!$H:$H, 0)), "") -> 650 | BM15: =(BI15*BK15)+(BJ15*BK15) -> 5362.5 | BN15: =BM15*5% -> 268.125 | BO15: =BM15-BN15 -> 5094.375 | BQ15: 8 | BR15: 2 | BS15: 8 | BT15: 2 | BU15: 8 | BV15: 0 | BW15: 8 | BX15: 2 | BY15: 8 | BZ15: 2 | CA15: 8 | CB15: 2 | CC15: 8 | CE15: =SUM(BQ15,BS15,BU15,BW15,BY15,CA15,CC15) -> 56 | CF15: =SUM(BR15,BT15,BV15,BX15,BZ15,CB15,CD15) -> 10 | CG15: =IFERROR(INDEX(Settings!$F:$F, MATCH('PROJECT NAME NOV'!$B15 & "-" & 'PROJECT NAME NOV'!$C15, Settings!$H:$H,0)), "") -> 81.25 | CH15: =IFERROR(INDEX(Settings!$G:$G, MATCH('PROJECT NAME NOV'!$B15 & "-" & 'PROJECT NAME NOV'!$C15, Settings!$H:$H, 0)), "") -> 650 | CI15: =(CE15*CG15)+(CF15*CG15) -> 5362.5 | CJ15: =CI15*5% -> 268.125 | CK15: =CI15-CJ15 -> 5094.375 | CS15: =SUM(CM15,CO15,CQ15) -> 0 | CT15: =SUM(CN15,CP15,CR15) -> 0 | CU15: =IFERROR(INDEX(Settings!$F:$F, MATCH('PROJECT NAME NOV'!$B15 & "-" & 'PROJECT NAME NOV'!$C15, Settings!$H:$H,0)), "") -> 81.25 | CV15: =IFERROR(INDEX(Settings!$G:$G, MATCH('PROJECT NAME NOV'!$B15 & "-" & 'PROJECT NAME NOV'!$C15, Settings!$H:$H, 0)), "") -> 650 | CW15: =(CU15*CS15)+(CT15*CU15) -> 0 | CX15: =CW15*5% -> 0 | CY15: =CW15-CX15 -> 0 | DH15: ='Billable Till Date'!B11 & "-" & 'Billable Till Date'!C11 -> Task/Activity-Unit Type
B16: Ramakanth | C16: Carpenter Helper | D16: Labour-010 | E16: Ranjith | F16: 8 | G16: 0 | H16: 8 | I16: 2 | J16: 8 | K16: 2 | L16: 8 | M16: 2 | N16: 8 | O16: 2 | R16: =SUM(F16,H16,J16,L16,N16,P16) -> 40 | S16: =SUM(G16,I16,K16,M16,O16,Q16) -> 8 | T16: =IFERROR(INDEX(Settings!$F:$F, MATCH('PROJECT NAME NOV'!$B16 & "-" & 'PROJECT NAME NOV'!$C16, Settings!$H:$H,0)), "") -> 81.25 | U16: =IFERROR(INDEX(Settings!$G:$G, MATCH('PROJECT NAME NOV'!$B16 & "-" & 'PROJECT NAME NOV'!$C16, Settings!$H:$H, 0)), "") -> 650 | V16: =(R16*T16)+(S16*T16) -> 3900 | W16: =V16*5% -> 195 | X16: =V16-W16 -> 3705 | Y16: 8 | Z16: 0 | AA16: 8 | AB16: 2 | AC16: 8 | AD16: 0 | AE16: 8 | AF16: 2 | AG16: 8 | AH16: 2 | AI16: 8 | AJ16: 2 | AK16: 8 | AL16: 2 | AM16: =IFERROR(INDEX(Settings!$F:$F, MATCH('PROJECT NAME NOV'!$B16 & "-" & 'PROJECT NAME NOV'!$C16, Settings!$H:$H,0)), "") -> 81.25 | AN16: =IFERROR(INDEX(Settings!$G:$G, MATCH('PROJECT NAME NOV'!$B16 & "-" & 'PROJECT NAME NOV'!$C16, Settings!$H:$H, 0)), "") -> 650 | AO16: =SUM(Y16,AA16,AC16,AE16,AG16,AI16,AK16) -> 56 | AP16: =SUM(Z16,AB16,AD16,AF16,AH16,AJ16,AL16) -> 10 | AQ16: =(AO16*AM16)+(AP16*AM16) -> 5362.5 | AR16: =AQ16*5% -> 268.125 | AS16: =AQ16-AR16 -> 5094.375 | AU16: 8 | AV16: 2 | AW16: 8 | AX16: 4 | AY16: 8 | AZ16: 0 | BA16: 8 | BB16: 4 | BC16: 8 | BD16: 4 | BE16: 8 | BF16: 0 | BG16: 0 | BH16: 4 | BI16: =SUM(AU16,AW16,AY16,BA16,BC16,BE16,BG16) -> 48 | BJ16: =SUM(AV16,AX16,AZ16,BB16,BD16,BF16,BH16) -> 18 | BK16: =IFERROR(INDEX(Settings!$F:$F, MATCH('PROJECT NAME NOV'!$B16 & "-" & 'PROJECT NAME NOV'!$C16, Settings!$H:$H,0)), "") -> 81.25 | BL16: =IFERROR(INDEX(Settings!$G:$G, MATCH('PROJECT NAME NOV'!$B16 & "-" & 'PROJECT NAME NOV'!$C16, Settings!$H:$H, 0)), "") -> 650 | BM16: =(BI16*BK16)+(BJ16*BK16) -> 5362.5 | BN16: =BM16*5% -> 268.125 | BO16: =BM16-BN16 -> 5094.375 | BQ16: 8 | BR16: 2 | BS16: 8 | BT16: 2 | BU16: 8 | BV16: 0 | BW16: 8 | BX16: 2 | BY16: 8 | BZ16: 2 | CA16: 8 | CB16: 2 | CC16: 8 | CE16: =SUM(BQ16,BS16,BU16,BW16,BY16,CA16,CC16) -> 56 | CF16: =SUM(BR16,BT16,BV16,BX16,BZ16,CB16,CD16) -> 10 | CG16: =IFERROR(INDEX(Settings!$F:$F, MATCH('PROJECT NAME NOV'!$B16 & "-" & 'PROJECT NAME NOV'!$C16, Settings!$H:$H,0)), "") -> 81.25 | CH16: =IFERROR(INDEX(Settings!$G:$G, MATCH('PROJECT NAME NOV'!$B16 & "-" & 'PROJECT NAME NOV'!$C16, Settings!$H:$H, 0)), "") -> 650 | CI16: =(CE16*CG16)+(CF16*CG16) -> 5362.5 | CJ16: =CI16*5% -> 268.125 | CK16: =CI16-CJ16 -> 5094.375 | CS16: =SUM(CM16,CO16,CQ16) -> 0 | CT16: =SUM(CN16,CP16,CR16) -> 0 | CU16: =IFERROR(INDEX(Settings!$F:$F, MATCH('PROJECT NAME NOV'!$B16 & "-" & 'PROJECT NAME NOV'!$C16, Settings!$H:$H,0)), "") -> 81.25 | CV16: =IFERROR(INDEX(Settings!$G:$G, MATCH('PROJECT NAME NOV'!$B16 & "-" & 'PROJECT NAME NOV'!$C16, Settings!$H:$H, 0)), "") -> 650 | CW16: =(CU16*CS16)+(CT16*CU16) -> 0 | CX16: =CW16*5% -> 0 | CY16: =CW16-CX16 -> 0 | DH16: ='Billable Till Date'!B12 & "-" & 'Billable Till Date'!C12 -> Task/Activity-Unit Type
B17: Ramakanth | C17: Carpenter | D17: Labour-011 | E17: Sharada Prasad | F17: 8 | G17: 0 | H17: 8 | I17: 2 | J17: 8 | K17: 2 | L17: 8 | M17: 2 | N17: 8 | O17: 2 | R17: =SUM(F17,H17,J17,L17,N17,P17) -> 40 | S17: =SUM(G17,I17,K17,M17,O17,Q17) -> 8 | T17: =IFERROR(INDEX(Settings!$F:$F, MATCH('PROJECT NAME NOV'!$B17 & "-" & 'PROJECT NAME NOV'!$C17, Settings!$H:$H,0)), "") -> 106.25 | U17: =IFERROR(INDEX(Settings!$G:$G, MATCH('PROJECT NAME NOV'!$B17 & "-" & 'PROJECT NAME NOV'!$C17, Settings!$H:$H, 0)), "") -> 850 | V17: =(R17*T17)+(S17*T17) -> 5100 | W17: =V17*5% -> 255 | X17: =V17-W17 -> 4845 | Y17: 8 | Z17: 0 | AA17: 8 | AB17: 2 | AC17: 8 | AD17: 0 | AE17: 8 | AF17: 2 | AG17: 8 | AH17: 2 | AI17: 8 | AJ17: 2 | AK17: 8 | AL17: 2 | AM17: =IFERROR(INDEX(Settings!$F:$F, MATCH('PROJECT NAME NOV'!$B17 & "-" & 'PROJECT NAME NOV'!$C17, Settings!$H:$H,0)), "") -> 106.25 | AN17: =IFERROR(INDEX(Settings!$G:$G, MATCH('PROJECT NAME NOV'!$B17 & "-" & 'PROJECT NAME NOV'!$C17, Settings!$H:$H, 0)), "") -> 850 | AO17: =SUM(Y17,AA17,AC17,AE17,AG17,AI17,AK17) -> 56 | AP17: =SUM(Z17,AB17,AD17,AF17,AH17,AJ17,AL17) -> 10 | AQ17: =(AO17*AM17)+(AP17*AM17) -> 7012.5 | AR17: =AQ17*5% -> 350.625 | AS17: =AQ17-AR17 -> 6661.875 | AU17: 8 | AV17: 0 | AW17: 8 | AX17: 4 | AY17: 8 | AZ17: 0 | BA17: 8 | BB17: 4 | BC17: 8 | BD17: 4 | BE17: 8 | BF17: 0 | BG17: 8 | BH17: 4 | BI17: =SUM(AU17,AW17,AY17,BA17,BC17,BE17,BG17) -> 56 | BJ17: =SUM(AV17,AX17,AZ17,BB17,BD17,BF17,BH17) -> 16 | BK17: =IFERROR(INDEX(Settings!$F:$F, MATCH('PROJECT NAME NOV'!$B17 & "-" & 'PROJECT NAME NOV'!$C17, Settings!$H:$H,0)), "") -> 106.25 | BL17: =IFERROR(INDEX(Settings!$G:$G, MATCH('PROJECT NAME NOV'!$B17 & "-" & 'PROJECT NAME NOV'!$C17, Settings!$H:$H, 0)), "") -> 850 | BM17: =(BI17*BK17)+(BJ17*BK17) -> 7650 | BN17: =BM17*5% -> 382.5 | BO17: =BM17-BN17 -> 7267.5 | BQ17: 8 | BR17: 2 | BS17: 8 | BT17: 2 | BU17: 8 | BV17: 0 | BW17: 8 | BX17: 2 | BY17: 8 | BZ17: 2 | CA17: 8 | CB17: 2 | CC17: 8 | CE17: =SUM(BQ17,BS17,BU17,BW17,BY17,CA17,CC17) -> 56 | CF17: =SUM(BR17,BT17,BV17,BX17,BZ17,CB17,CD17) -> 10 | CG17: =IFERROR(INDEX(Settings!$F:$F, MATCH('PROJECT NAME NOV'!$B17 & "-" & 'PROJECT NAME NOV'!$C17, Settings!$H:$H,0)), "") -> 106.25 | CH17: =IFERROR(INDEX(Settings!$G:$G, MATCH('PROJECT NAME NOV'!$B17 & "-" & 'PROJECT NAME NOV'!$C17, Settings!$H:$H, 0)), "") -> 850 | CI17: =(CE17*CG17)+(CF17*CG17) -> 7012.5 | CJ17: =CI17*5% -> 350.625 | CK17: =CI17-CJ17 -> 6661.875 | CM17: 8 | CN17: 4 | CO17: 8 | CP17: 4 | CS17: =SUM(CM17,CO17,CQ17) -> 16 | CT17: =SUM(CN17,CP17,CR17) -> 8 | CU17: =IFERROR(INDEX(Settings!$F:$F, MATCH('PROJECT NAME NOV'!$B17 & "-" & 'PROJECT NAME NOV'!$C17, Settings!$H:$H,0)), "") -> 106.25 | CV17: =IFERROR(INDEX(Settings!$G:$G, MATCH('PROJECT NAME NOV'!$B17 & "-" & 'PROJECT NAME NOV'!$C17, Settings!$H:$H, 0)), "") -> 850 | CW17: =(CU17*CS17)+(CT17*CU17) -> 2550 | CX17: =CW17*5% -> 127.5 | CY17: =CW17-CX17 -> 2422.5 | DH17: ='Billable Till Date'!B13 & "-" & 'Billable Till Date'!C13 -> Task/Activity-Unit Type
B18: Ramakanth | C18: Carpenter | D18: Labour-012 | E18: Kashi Prasad | F18: 8 | G18: 0 | H18: 8 | I18: 2 | J18: 8 | K18: 2 | L18: 8 | M18: 2 | N18: 8 | O18: 2 | R18: =SUM(F18,H18,J18,L18,N18,P18) -> 40 | S18: =SUM(G18,I18,K18,M18,O18,Q18) -> 8 | T18: =IFERROR(INDEX(Settings!$F:$F, MATCH('PROJECT NAME NOV'!$B18 & "-" & 'PROJECT NAME NOV'!$C18, Settings!$H:$H,0)), "") -> 106.25 | U18: =IFERROR(INDEX(Settings!$G:$G, MATCH('PROJECT NAME NOV'!$B18 & "-" & 'PROJECT NAME NOV'!$C18, Settings!$H:$H, 0)), "") -> 850 | V18: =(R18*T18)+(S18*T18) -> 5100 | W18: =V18*5% -> 255 | X18: =V18-W18 -> 4845 | Y18: 8 | Z18: 0 | AA18: 8 | AB18: 2 | AC18: 8 | AD18: 0 | AE18: 8 | AF18: 2 | AG18: 8 | AH18: 2 | AI18: 8 | AJ18: 2 | AK18: 8 | AL18: 2 | AM18: =IFERROR(INDEX(Settings!$F:$F, MATCH('PROJECT NAME NOV'!$B18 & "-" & 'PROJECT NAME NOV'!$C18, Settings!$H:$H,0)), "") -> 106.25 | AN18: =IFERROR(INDEX(Settings!$G:$G, MATCH('PROJECT NAME NOV'!$B18 & "-" & 'PROJECT NAME NOV'!$C18, Settings!$H:$H, 0)), "") -> 850 | AO18: =SUM(Y18,AA18,AC18,AE18,AG18,AI18,AK18) -> 56 | AP18: =SUM(Z18,AB18,AD18,AF18,AH18,AJ18,AL18) -> 10 | AQ18: =(AO18*AM18)+(AP18*AM18) -> 7012.5 | AR18: =AQ18*5% -> 350.625 | AS18: =AQ18-AR18 -> 6661.875 | AU18: 8 | AV18: 0 | AW18: 8 | AX18: 4 | AY18: 8 | AZ18: 0 | BA18: 8 | BB18: 4 | BC18: 8 | BD18: 4 | BE18: 8 | BF18: 0 | BG18: 8 | BH18: 4 | BI18: =SUM(AU18,AW18,AY18,BA18,BC18,BE18,BG18) -> 56 | BJ18: =SUM(AV18,AX18,AZ18,BB18,BD18,BF18,BH18) -> 16 | BK18: =IFERROR(INDEX(Settings!$F:$F, MATCH('PROJECT NAME NOV'!$B18 & "-" & 'PROJECT NAME NOV'!$C18, Settings!$H:$H,0)), "") -> 106.25 | BL18: =IFERROR(INDEX(Settings!$G:$G, MATCH('PROJECT NAME NOV'!$B18 & "-" & 'PROJECT NAME NOV'!$C18, Settings!$H:$H, 0)), "") -> 850 | BM18: =(BI18*BK18)+(BJ18*BK18) -> 7650 | BN18: =BM18*5% -> 382.5 | BO18: =BM18-BN18 -> 7267.5 | BQ18: 0 | BR18: 0 | BS18: 0 | BT18: 0 | BU18: 0 | BV18: 0 | BW18: 0 | BX18: 0 | BY18: 0 | BZ18: 0 | CA18: 0 | CB18: 0 | CC18: 0 | CE18: =SUM(BQ18,BS18,BU18,BW18,BY18,CA18,CC18) -> 0 | CF18: =SUM(BR18,BT18,BV18,BX18,BZ18,CB18,CD18) -> 0 | CG18: =IFERROR(INDEX(Settings!$F:$F, MATCH('PROJECT NAME NOV'!$B18 & "-" & 'PROJECT NAME NOV'!$C18, Settings!$H:$H,0)), "") -> 106.25 | CH18: =IFERROR(INDEX(Settings!$G:$G, MATCH('PROJECT NAME NOV'!$B18 & "-" & 'PROJECT NAME NOV'!$C18, Settings!$H:$H, 0)), "") -> 850 | CI18: =(CE18*CG18)+(CF18*CG18) -> 0 | CJ18: =CI18*5% -> 0 | CK18: =CI18-CJ18 -> 0 | CM18: 8 | CN18: 4 | CO18: 8 | CP18: 4 | CS18: =SUM(CM18,CO18,CQ18) -> 16 | CT18: =SUM(CN18,CP18,CR18) -> 8 | CU18: =IFERROR(INDEX(Settings!$F:$F, MATCH('PROJECT NAME NOV'!$B18 & "-" & 'PROJECT NAME NOV'!$C18, Settings!$H:$H,0)), "") -> 106.25 | CV18: =IFERROR(INDEX(Settings!$G:$G, MATCH('PROJECT NAME NOV'!$B18 & "-" & 'PROJECT NAME NOV'!$C18, Settings!$H:$H, 0)), "") -> 850 | CW18: =(CU18*CS18)+(CT18*CU18) -> 2550 | CX18: =CW18*5% -> 127.5 | CY18: =CW18-CX18 -> 2422.5 | DH18: ='Billable Till Date'!B14 & "-" & 'Billable Till Date'!C14 -> Task/Activity-Unit Type
B19: Ramakanth | C19: Barbender Helper | D19: Labour-013 | E19: Abilash | F19: 0 | G19: 0 | H19: 8 | I19: 2 | J19: 8 | K19: 2 | L19: 8 | M19: 2 | N19: 8 | O19: 2 | R19: =SUM(F19,H19,J19,L19,N19,P19) -> 32 | S19: =SUM(G19,I19,K19,M19,O19,Q19) -> 8 | T19: =IFERROR(INDEX(Settings!$F:$F, MATCH('PROJECT NAME NOV'!$B19 & "-" & 'PROJECT NAME NOV'!$C19, Settings!$H:$H,0)), "") -> 81.25 | U19: =IFERROR(INDEX(Settings!$G:$G, MATCH('PROJECT NAME NOV'!$B19 & "-" & 'PROJECT NAME NOV'!$C19, Settings!$H:$H, 0)), "") -> 650 | V19: =(R19*T19)+(S19*T19) -> 3250 | W19: =V19*5% -> 162.5 | X19: =V19-W19 -> 3087.5 | Y19: 8 | Z19: 0 | AA19: 8 | AB19: 2 | AC19: 0 | AD19: 0 | AE19: 8 | AF19: 2 | AG19: 8 | AH19: 2 | AI19: 8 | AJ19: 2 | AK19: 8 | AL19: 2 | AM19: =IFERROR(INDEX(Settings!$F:$F, MATCH('PROJECT NAME NOV'!$B19 & "-" & 'PROJECT NAME NOV'!$C19, Settings!$H:$H,0)), "") -> 81.25 | AN19: =IFERROR(INDEX(Settings!$G:$G, MATCH('PROJECT NAME NOV'!$B19 & "-" & 'PROJECT NAME NOV'!$C19, Settings!$H:$H, 0)), "") -> 650 | AO19: =SUM(Y19,AA19,AC19,AE19,AG19,AI19,AK19) -> 48 | AP19: =SUM(Z19,AB19,AD19,AF19,AH19,AJ19,AL19) -> 10 | AQ19: =(AO19*AM19)+(AP19*AM19) -> 4712.5 | AR19: =AQ19*5% -> 235.625 | AS19: =AQ19-AR19 -> 4476.875 | AU19: 8 | AV19: 0 | AW19: 8 | AX19: 4 | AY19: 8 | AZ19: 0 | BA19: 8 | BB19: 4 | BC19: 8 | BD19: 4 | BE19: 8 | BF19: 0 | BG19: 8 | BH19: 4 | BI19: =SUM(AU19,AW19,AY19,BA19,BC19,BE19,BG19) -> 56 | BJ19: =SUM(AV19,AX19,AZ19,BB19,BD19,BF19,BH19) -> 16 | BK19: =IFERROR(INDEX(Settings!$F:$F, MATCH('PROJECT NAME NOV'!$B19 & "-" & 'PROJECT NAME NOV'!$C19, Settings!$H:$H,0)), "") -> 81.25 | BL19: =IFERROR(INDEX(Settings!$G:$G, MATCH('PROJECT NAME NOV'!$B19 & "-" & 'PROJECT NAME NOV'!$C19, Settings!$H:$H, 0)), "") -> 650 | BM19: =(BI19*BK19)+(BJ19*BK19) -> 5850 | BN19: =BM19*5% -> 292.5 | BO19: =BM19-BN19 -> 5557.5 | BQ19: 0 | BR19: 0 | BS19: 0 | BT19: 0 | BU19: 0 | BV19: 0 | BW19: 0 | BX19: 0 | BY19: 0 | BZ19: 0 | CA19: 0 | CB19: 0 | CC19: 0 | CE19: =SUM(BQ19,BS19,BU19,BW19,BY19,CA19,CC19) -> 0 | CF19: =SUM(BR19,BT19,BV19,BX19,BZ19,CB19,CD19) -> 0 | CG19: =IFERROR(INDEX(Settings!$F:$F, MATCH('PROJECT NAME NOV'!$B19 & "-" & 'PROJECT NAME NOV'!$C19, Settings!$H:$H,0)), "") -> 81.25 | CH19: =IFERROR(INDEX(Settings!$G:$G, MATCH('PROJECT NAME NOV'!$B19 & "-" & 'PROJECT NAME NOV'!$C19, Settings!$H:$H, 0)), "") -> 650 | CI19: =(CE19*CG19)+(CF19*CG19) -> 0 | CJ19: =CI19*5% -> 0 | CK19: =CI19-CJ19 -> 0 | CS19: =SUM(CM19,CO19,CQ19) -> 0 | CT19: =SUM(CN19,CP19,CR19) -> 0 | CU19: =IFERROR(INDEX(Settings!$F:$F, MATCH('PROJECT NAME NOV'!$B19 & "-" & 'PROJECT NAME NOV'!$C19, Settings!$H:$H,0)), "") -> 81.25 | CV19: =IFERROR(INDEX(Settings!$G:$G, MATCH('PROJECT NAME NOV'!$B19 & "-" & 'PROJECT NAME NOV'!$C19, Settings!$H:$H, 0)), "") -> 650 | CW19: =(CU19*CS19)+(CT19*CU19) -> 0 | CX19: =CW19*5% -> 0 | CY19: =CW19-CX19 -> 0 | DH19: ='Billable Till Date'!B15 & "-" & 'Billable Till Date'!C15 -> Task/Activity-Unit Type
B20: Ramakanth | C20: Barbender Fitter | D20: Labour-014 | E20: Ramesh | F20: 8 | G20: 0 | H20: 8 | I20: 2 | J20: 8 | K20: 2 | L20: 0 | M20: 0 | N20: 8 | O20: 2 | R20: =SUM(F20,H20,J20,L20,N20,P20) -> 32 | S20: =SUM(G20,I20,K20,M20,O20,Q20) -> 6 | T20: =IFERROR(INDEX(Settings!$F:$F, MATCH('PROJECT NAME NOV'!$B20 & "-" & 'PROJECT NAME NOV'!$C20, Settings!$H:$H,0)), "") -> 106.25 | U20: =IFERROR(INDEX(Settings!$G:$G, MATCH('PROJECT NAME NOV'!$B20 & "-" & 'PROJECT NAME NOV'!$C20, Settings!$H:$H, 0)), "") -> 850 | V20: =(R20*T20)+(S20*T20) -> 4037.5 | W20: =V20*5% -> 201.875 | X20: =V20-W20 -> 3835.625 | Y20: 8 | Z20: 0 | AA20: 8 | AB20: 2 | AC20: 8 | AD20: 0 | AE20: 8 | AF20: 2 | AG20: 8 | AH20: 2 | AI20: 0 | AJ20: 0 | AK20: 8 | AL20: 2 | AM20: =IFERROR(INDEX(Settings!$F:$F, MATCH('PROJECT NAME NOV'!$B20 & "-" & 'PROJECT NAME NOV'!$C20, Settings!$H:$H,0)), "") -> 106.25 | AN20: =IFERROR(INDEX(Settings!$G:$G, MATCH('PROJECT NAME NOV'!$B20 & "-" & 'PROJECT NAME NOV'!$C20, Settings!$H:$H, 0)), "") -> 850 | AO20: =SUM(Y20,AA20,AC20,AE20,AG20,AI20,AK20) -> 48 | AP20: =SUM(Z20,AB20,AD20,AF20,AH20,AJ20,AL20) -> 8 | AQ20: =(AO20*AM20)+(AP20*AM20) -> 5950 | AR20: =AQ20*5% -> 297.5 | AS20: =AQ20-AR20 -> 5652.5 | AU20: 8 | AV20: 0 | AW20: 0 | AX20: 0 | AY20: 8 | AZ20: 0 | BA20: 8 | BB20: 4 | BC20: 8 | BD20: 4 | BE20: 8 | BF20: 0 | BG20: 8 | BH20: 4 | BI20: =SUM(AU20,AW20,AY20,BA20,BC20,BE20,BG20) -> 48 | BJ20: =SUM(AV20,AX20,AZ20,BB20,BD20,BF20,BH20) -> 12 | BK20: =IFERROR(INDEX(Settings!$F:$F, MATCH('PROJECT NAME NOV'!$B20 & "-" & 'PROJECT NAME NOV'!$C20, Settings!$H:$H,0)), "") -> 106.25 | BL20: =IFERROR(INDEX(Settings!$G:$G, MATCH('PROJECT NAME NOV'!$B20 & "-" & 'PROJECT NAME NOV'!$C20, Settings!$H:$H, 0)), "") -> 850 | BM20: =(BI20*BK20)+(BJ20*BK20) -> 6375 | BN20: =BM20*5% -> 318.75 | BO20: =BM20-BN20 -> 6056.25 | BQ20: 0 | BR20: 0 | BS20: 0 | BT20: 0 | BU20: 0 | BV20: 0 | BW20: 0 | BX20: 0 | BY20: 0 | BZ20: 0 | CA20: 0 | CB20: 0 | CC20: 0 | CE20: =SUM(BQ20,BS20,BU20,BW20,BY20,CA20,CC20) -> 0 | CF20: =SUM(BR20,BT20,BV20,BX20,BZ20,CB20,CD20) -> 0 | CG20: =IFERROR(INDEX(Settings!$F:$F, MATCH('PROJECT NAME NOV'!$B20 & "-" & 'PROJECT NAME NOV'!$C20, Settings!$H:$H,0)), "") -> 106.25 | CH20: =IFERROR(INDEX(Settings!$G:$G, MATCH('PROJECT NAME NOV'!$B20 & "-" & 'PROJECT NAME NOV'!$C20, Settings!$H:$H, 0)), "") -> 850 | CI20: =(CE20*CG20)+(CF20*CG20) -> 0 | CJ20: =CI20*5% -> 0 | CK20: =CI20-CJ20 -> 0 | CM20: 8 | CN20: 4 | CO20: 8 | CP20: 4 | CS20: =SUM(CM20,CO20,CQ20) -> 16 | CT20: =SUM(CN20,CP20,CR20) -> 8 | CU20: =IFERROR(INDEX(Settings!$F:$F, MATCH('PROJECT NAME NOV'!$B20 & "-" & 'PROJECT NAME NOV'!$C20, Settings!$H:$H,0)), "") -> 106.25 | CV20: =IFERROR(INDEX(Settings!$G:$G, MATCH('PROJECT NAME NOV'!$B20 & "-" & 'PROJECT NAME NOV'!$C20, Settings!$H:$H, 0)), "") -> 850 | CW20: =(CU20*CS20)+(CT20*CU20) -> 2550 | CX20: =CW20*5% -> 127.5 | CY20: =CW20-CX20 -> 2422.5 | DH20: ='Billable Till Date'!B16 & "-" & 'Billable Till Date'!C16 -> Task/Activity-Unit Type
B21: Ramakanth | C21: Barbender Helper | D21: Labour-015 | E21: Tanu Kori | F21: 8 | G21: 0 | H21: 0 | I21: 0 | J21: 0 | K21: 0 | L21: 0 | M21: 0 | N21: 8 | O21: 2 | R21: =SUM(F21,H21,J21,L21,N21,P21) -> 16 | S21: =SUM(G21,I21,K21,M21,O21,Q21) -> 2 | T21: =IFERROR(INDEX(Settings!$F:$F, MATCH('PROJECT NAME NOV'!$B21 & "-" & 'PROJECT NAME NOV'!$C21, Settings!$H:$H,0)), "") -> 81.25 | U21: =IFERROR(INDEX(Settings!$G:$G, MATCH('PROJECT NAME NOV'!$B21 & "-" & 'PROJECT NAME NOV'!$C21, Settings!$H:$H, 0)), "") -> 650 | V21: =(R21*T21)+(S21*T21) -> 1462.5 | W21: =V21*5% -> 73.125 | X21: =V21-W21 -> 1389.375 | Y21: 8 | Z21: 0 | AA21: 8 | AB21: 2 | AC21: 8 | AD21: 0 | AE21: 0 | AF21: 0 | AG21: 0 | AH21: 0 | AI21: 0 | AJ21: 0 | AK21: 8 | AL21: 2 | AM21: =IFERROR(INDEX(Settings!$F:$F, MATCH('PROJECT NAME NOV'!$B21 & "-" & 'PROJECT NAME NOV'!$C21, Settings!$H:$H,0)), "") -> 81.25 | AN21: =IFERROR(INDEX(Settings!$G:$G, MATCH('PROJECT NAME NOV'!$B21 & "-" & 'PROJECT NAME NOV'!$C21, Settings!$H:$H, 0)), "") -> 650 | AO21: =SUM(Y21,AA21,AC21,AE21,AG21,AI21,AK21) -> 32 | AP21: =SUM(Z21,AB21,AD21,AF21,AH21,AJ21,AL21) -> 4 | AQ21: =(AO21*AM21)+(AP21*AM21) -> 2925 | AR21: =AQ21*5% -> 146.25 | AS21: =AQ21-AR21 -> 2778.75 | AU21: 8 | AV21: 0 | AW21: 8 | AX21: 4 | AY21: 8 | AZ21: 0 | BA21: 8 | BB21: 4 | BC21: 8 | BD21: 4 | BE21: 8 | BF21: 0 | BG21: 8 | BH21: 4 | BI21: =SUM(AU21,AW21,AY21,BA21,BC21,BE21,BG21) -> 56 | BJ21: =SUM(AV21,AX21,AZ21,BB21,BD21,BF21,BH21) -> 16 | BK21: =IFERROR(INDEX(Settings!$F:$F, MATCH('PROJECT NAME NOV'!$B21 & "-" & 'PROJECT NAME NOV'!$C21, Settings!$H:$H,0)), "") -> 81.25 | BL21: =IFERROR(INDEX(Settings!$G:$G, MATCH('PROJECT NAME NOV'!$B21 & "-" & 'PROJECT NAME NOV'!$C21, Settings!$H:$H, 0)), "") -> 650 | BM21: =(BI21*BK21)+(BJ21*BK21) -> 5850 | BN21: =BM21*5% -> 292.5 | BO21: =BM21-BN21 -> 5557.5 | BQ21: 0 | BR21: 0 | BS21: 0 | BT21: 0 | BU21: 0 | BV21: 0 | BW21: 0 | BX21: 0 | BY21: 0 | BZ21: 0 | CA21: 0 | CB21: 0 | CC21: 0 | CE21: =SUM(BQ21,BS21,BU21,BW21,BY21,CA21,CC21) -> 0 | CF21: =SUM(BR21,BT21,BV21,BX21,BZ21,CB21,CD21) -> 0 | CG21: =IFERROR(INDEX(Settings!$F:$F, MATCH('PROJECT NAME NOV'!$B21 & "-" & 'PROJECT NAME NOV'!$C21, Settings!$H:$H,0)), "") -> 81.25 | CH21: =IFERROR(INDEX(Settings!$G:$G, MATCH('PROJECT NAME NOV'!$B21 & "-" & 'PROJECT NAME NOV'!$C21, Settings!$H:$H, 0)), "") -> 650 | CI21: =(CE21*CG21)+(CF21*CG21) -> 0 | CJ21: =CI21*5% -> 0 | CK21: =CI21-CJ21 -> 0 | CM21: 8 | CN21: 4 | CO21: 8 | CP21: 4 | CS21: =SUM(CM21,CO21,CQ21) -> 16 | CT21: =SUM(CN21,CP21,CR21) -> 8 | CU21: =IFERROR(INDEX(Settings!$F:$F, MATCH('PROJECT NAME NOV'!$B21 & "-" & 'PROJECT NAME NOV'!$C21, Settings!$H:$H,0)), "") -> 81.25 | CV21: =IFERROR(INDEX(Settings!$G:$G, MATCH('PROJECT NAME NOV'!$B21 & "-" & 'PROJECT NAME NOV'!$C21, Settings!$H:$H, 0)), "") -> 650 | CW21: =(CU21*CS21)+(CT21*CU21) -> 1950 | CX21: =CW21*5% -> 97.5 | CY21: =CW21-CX21 -> 1852.5 | DH21: ='Billable Till Date'!B17 & "-" & 'Billable Till Date'!C17 -> Task/Activity-Unit Type
B22: Ramakanth | C22: Barbender Helper | D22: Labour-016 | E22: Vinit Adivasi | F22: 8 | G22: 0 | H22: 8 | I22: 2 | J22: 8 | K22: 2 | L22: 0 | M22: 0 | N22: 8 | O22: 2 | R22: =SUM(F22,H22,J22,L22,N22,P22) -> 32 | S22: =SUM(G22,I22,K22,M22,O22,Q22) -> 6 | T22: =IFERROR(INDEX(Settings!$F:$F, MATCH('PROJECT NAME NOV'!$B22 & "-" & 'PROJECT NAME NOV'!$C22, Settings!$H:$H,0)), "") -> 81.25 | U22: =IFERROR(INDEX(Settings!$G:$G, MATCH('PROJECT NAME NOV'!$B22 & "-" & 'PROJECT NAME NOV'!$C22, Settings!$H:$H, 0)), "") -> 650 | V22: =(R22*T22)+(S22*T22) -> 3087.5 | W22: =V22*5% -> 154.375 | X22: =V22-W22 -> 2933.125 | Y22: 8 | Z22: 0 | AA22: 8 | AB22: 2 | AC22: 8 | AD22: 0 | AE22: 8 | AF22: 2 | AG22: 8 | AH22: 2 | AI22: 0 | AJ22: 0 | AK22: 8 | AL22: 2 | AM22: =IFERROR(INDEX(Settings!$F:$F, MATCH('PROJECT NAME NOV'!$B22 & "-" & 'PROJECT NAME NOV'!$C22, Settings!$H:$H,0)), "") -> 81.25 | AN22: =IFERROR(INDEX(Settings!$G:$G, MATCH('PROJECT NAME NOV'!$B22 & "-" & 'PROJECT NAME NOV'!$C22, Settings!$H:$H, 0)), "") -> 650 | AO22: =SUM(Y22,AA22,AC22,AE22,AG22,AI22,AK22) -> 48 | AP22: =SUM(Z22,AB22,AD22,AF22,AH22,AJ22,AL22) -> 8 | AQ22: =(AO22*AM22)+(AP22*AM22) -> 4550 | AR22: =AQ22*5% -> 227.5 | AS22: =AQ22-AR22 -> 4322.5 | AU22: 8 | AV22: 0 | AW22: 8 | AX22: 4 | AY22: 8 | AZ22: 0 | BA22: 8 | BB22: 4 | BC22: 8 | BD22: 4 | BE22: 8 | BF22: 0 | BG22: 8 | BH22: 4 | BI22: =SUM(AU22,AW22,AY22,BA22,BC22,BE22,BG22) -> 56 | BJ22: =SUM(AV22,AX22,AZ22,BB22,BD22,BF22,BH22) -> 16 | BK22: =IFERROR(INDEX(Settings!$F:$F, MATCH('PROJECT NAME NOV'!$B22 & "-" & 'PROJECT NAME NOV'!$C22, Settings!$H:$H,0)), "") -> 81.25 | BL22: =IFERROR(INDEX(Settings!$G:$G, MATCH('PROJECT NAME NOV'!$B22 & "-" & 'PROJECT NAME NOV'!$C22, Settings!$H:$H, 0)), "") -> 650 | BM22: =(BI22*BK22)+(BJ22*BK22) -> 5850 | BN22: =BM22*5% -> 292.5 | BO22: =BM22-BN22 -> 5557.5 | BQ22: 8 | BR22: 2 | BS22: 8 | BT22: 2 | BU22: 8 | BV22: 0 | BW22: 8 | BX22: 2 | BY22: 8 | BZ22: 2 | CA22: 8 | CB22: 2 | CC22: 8 | CE22: =SUM(BQ22,BS22,BU22,BW22,BY22,CA22,CC22) -> 56 | CF22: =SUM(BR22,BT22,BV22,BX22,BZ22,CB22,CD22) -> 10 | CG22: =IFERROR(INDEX(Settings!$F:$F, MATCH('PROJECT NAME NOV'!$B22 & "-" & 'PROJECT NAME NOV'!$C22, Settings!$H:$H,0)), "") -> 81.25 | CH22: =IFERROR(INDEX(Settings!$G:$G, MATCH('PROJECT NAME NOV'!$B22 & "-" & 'PROJECT NAME NOV'!$C22, Settings!$H:$H, 0)), "") -> 650 | CI22: =(CE22*CG22)+(CF22*CG22) -> 5362.5 | CJ22: =CI22*5% -> 268.125 | CK22: =CI22-CJ22 -> 5094.375 | CM22: 8 | CN22: 4 | CO22: 8 | CP22: 4 | CS22: =SUM(CM22,CO22,CQ22) -> 16 | CT22: =SUM(CN22,CP22,CR22) -> 8 | CU22: =IFERROR(INDEX(Settings!$F:$F, MATCH('PROJECT NAME NOV'!$B22 & "-" & 'PROJECT NAME NOV'!$C22, Settings!$H:$H,0)), "") -> 81.25 | CV22: =IFERROR(INDEX(Settings!$G:$G, MATCH('PROJECT NAME NOV'!$B22 & "-" & 'PROJECT NAME NOV'!$C22, Settings!$H:$H, 0)), "") -> 650 | CW22: =(CU22*CS22)+(CT22*CU22) -> 1950 | CX22: =CW22*5% -> 97.5 | CY22: =CW22-CX22 -> 1852.5 | DH22: ='Billable Till Date'!B18 & "-" & 'Billable Till Date'!C18 -> Task/Activity-Unit Type
B23: Ramakanth | C23: Barbender Helper | D23: Labour-017 | E23: Siva Prasad | F23: 8 | G23: 0 | H23: 8 | I23: 2 | J23: 8 | K23: 2 | L23: 8 | M23: 2 | N23: 8 | O23: 2 | R23: =SUM(F23,H23,J23,L23,N23,P23) -> 40 | S23: =SUM(G23,I23,K23,M23,O23,Q23) -> 8 | T23: =IFERROR(INDEX(Settings!$F:$F, MATCH('PROJECT NAME NOV'!$B23 & "-" & 'PROJECT NAME NOV'!$C23, Settings!$H:$H,0)), "") -> 81.25 | U23: =IFERROR(INDEX(Settings!$G:$G, MATCH('PROJECT NAME NOV'!$B23 & "-" & 'PROJECT NAME NOV'!$C23, Settings!$H:$H, 0)), "") -> 650 | V23: =(R23*T23)+(S23*T23) -> 3900 | W23: =V23*5% -> 195 | X23: =V23-W23 -> 3705 | Y23: 8 | Z23: 0 | AA23: 8 | AB23: 2 | AC23: 8 | AD23: 0 | AE23: 8 | AF23: 2 | AG23: 8 | AH23: 2 | AI23: 8 | AJ23: 2 | AK23: 8 | AL23: 2 | AM23: =IFERROR(INDEX(Settings!$F:$F, MATCH('PROJECT NAME NOV'!$B23 & "-" & 'PROJECT NAME NOV'!$C23, Settings!$H:$H,0)), "") -> 81.25 | AN23: =IFERROR(INDEX(Settings!$G:$G, MATCH('PROJECT NAME NOV'!$B23 & "-" & 'PROJECT NAME NOV'!$C23, Settings!$H:$H, 0)), "") -> 650 | AO23: =SUM(Y23,AA23,AC23,AE23,AG23,AI23,AK23) -> 56 | AP23: =SUM(Z23,AB23,AD23,AF23,AH23,AJ23,AL23) -> 10 | AQ23: =(AO23*AM23)+(AP23*AM23) -> 5362.5 | AR23: =AQ23*5% -> 268.125 | AS23: =AQ23-AR23 -> 5094.375 | AU23: 8 | AV23: 0 | AW23: 8 | AX23: 0 | AY23: 8 | AZ23: 0 | BA23: 8 | BB23: 4 | BC23: 8 | BD23: 4 | BE23: 8 | BF23: 0 | BG23: 8 | BH23: 4 | BI23: =SUM(AU23,AW23,AY23,BA23,BC23,BE23,BG23) -> 56 | BJ23: =SUM(AV23,AX23,AZ23,BB23,BD23,BF23,BH23) -> 12 | BK23: =IFERROR(INDEX(Settings!$F:$F, MATCH('PROJECT NAME NOV'!$B23 & "-" & 'PROJECT NAME NOV'!$C23, Settings!$H:$H,0)), "") -> 81.25 | BL23: =IFERROR(INDEX(Settings!$G:$G, MATCH('PROJECT NAME NOV'!$B23 & "-" & 'PROJECT NAME NOV'!$C23, Settings!$H:$H, 0)), "") -> 650 | BM23: =(BI23*BK23)+(BJ23*BK23) -> 5525 | BN23: =BM23*5% -> 276.25 | BO23: =BM23-BN23 -> 5248.75 | BQ23: 8 | BR23: 2 | BS23: 8 | BT23: 2 | BU23: 8 | BV23: 0 | BW23: 8 | BX23: 2 | BY23: 8 | BZ23: 2 | CA23: 8 | CB23: 2 | CC23: 8 | CE23: =SUM(BQ23,BS23,BU23,BW23,BY23,CA23,CC23) -> 56 | CF23: =SUM(BR23,BT23,BV23,BX23,BZ23,CB23,CD23) -> 10 | CG23: =IFERROR(INDEX(Settings!$F:$F, MATCH('PROJECT NAME NOV'!$B23 & "-" & 'PROJECT NAME NOV'!$C23, Settings!$H:$H,0)), "") -> 81.25 | CH23: =IFERROR(INDEX(Settings!$G:$G, MATCH('PROJECT NAME NOV'!$B23 & "-" & 'PROJECT NAME NOV'!$C23, Settings!$H:$H, 0)), "") -> 650 | CI23: =(CE23*CG23)+(CF23*CG23) -> 5362.5 | CJ23: =CI23*5% -> 268.125 | CK23: =CI23-CJ23 -> 5094.375 | CM23: 8 | CN23: 4 | CO23: 8 | CP23: 4 | CS23: =SUM(CM23,CO23,CQ23) -> 16 | CT23: =SUM(CN23,CP23,CR23) -> 8 | CU23: =IFERROR(INDEX(Settings!$F:$F, MATCH('PROJECT NAME NOV'!$B23 & "-" & 'PROJECT NAME NOV'!$C23, Settings!$H:$H,0)), "") -> 81.25 | CV23: =IFERROR(INDEX(Settings!$G:$G, MATCH('PROJECT NAME NOV'!$B23 & "-" & 'PROJECT NAME NOV'!$C23, Settings!$H:$H, 0)), "") -> 650 | CW23: =(CU23*CS23)+(CT23*CU23) -> 1950 | CX23: =CW23*5% -> 97.5 | CY23: =CW23-CX23 -> 1852.5 | DH23: ='Billable Till Date'!B19 & "-" & 'Billable Till Date'!C19 -> Task/Activity-Unit Type
B24: Ramakanth | C24: Barbender Helper | D24: Labour-018 | E24: Ravilal | F24: 8 | G24: 0 | H24: 8 | I24: 2 | J24: 8 | K24: 2 | L24: 8 | M24: 2 | N24: 8 | O24: 2 | R24: =SUM(F24,H24,J24,L24,N24,P24) -> 40 | S24: =SUM(G24,I24,K24,M24,O24,Q24) -> 8 | T24: =IFERROR(INDEX(Settings!$F:$F, MATCH('PROJECT NAME NOV'!$B24 & "-" & 'PROJECT NAME NOV'!$C24, Settings!$H:$H,0)), "") -> 81.25 | U24: =IFERROR(INDEX(Settings!$G:$G, MATCH('PROJECT NAME NOV'!$B24 & "-" & 'PROJECT NAME NOV'!$C24, Settings!$H:$H, 0)), "") -> 650 | V24: =(R24*T24)+(S24*T24) -> 3900 | W24: =V24*5% -> 195 | X24: =V24-W24 -> 3705 | Y24: 8 | Z24: 0 | AA24: 8 | AB24: 2 | AC24: 8 | AD24: 0 | AE24: 8 | AF24: 2 | AG24: 8 | AH24: 2 | AI24: 8 | AJ24: 2 | AK24: 8 | AL24: 2 | AM24: =IFERROR(INDEX(Settings!$F:$F, MATCH('PROJECT NAME NOV'!$B24 & "-" & 'PROJECT NAME NOV'!$C24, Settings!$H:$H,0)), "") -> 81.25 | AN24: =IFERROR(INDEX(Settings!$G:$G, MATCH('PROJECT NAME NOV'!$B24 & "-" & 'PROJECT NAME NOV'!$C24, Settings!$H:$H, 0)), "") -> 650 | AO24: =SUM(Y24,AA24,AC24,AE24,AG24,AI24,AK24) -> 56 | AP24: =SUM(Z24,AB24,AD24,AF24,AH24,AJ24,AL24) -> 10 | AQ24: =(AO24*AM24)+(AP24*AM24) -> 5362.5 | AR24: =AQ24*5% -> 268.125 | AS24: =AQ24-AR24 -> 5094.375 | AU24: 8 | AV24: 0 | AW24: 8 | AX24: 4 | AY24: 8 | AZ24: 0 | BA24: 8 | BB24: 4 | BC24: 8 | BD24: 4 | BE24: 8 | BF24: 0 | BG24: 8 | BH24: 4 | BI24: =SUM(AU24,AW24,AY24,BA24,BC24,BE24,BG24) -> 56 | BJ24: =SUM(AV24,AX24,AZ24,BB24,BD24,BF24,BH24) -> 16 | BK24: =IFERROR(INDEX(Settings!$F:$F, MATCH('PROJECT NAME NOV'!$B24 & "-" & 'PROJECT NAME NOV'!$C24, Settings!$H:$H,0)), "") -> 81.25 | BL24: =IFERROR(INDEX(Settings!$G:$G, MATCH('PROJECT NAME NOV'!$B24 & "-" & 'PROJECT NAME NOV'!$C24, Settings!$H:$H, 0)), "") -> 650 | BM24: =(BI24*BK24)+(BJ24*BK24) -> 5850 | BN24: =BM24*5% -> 292.5 | BO24: =BM24-BN24 -> 5557.5 | BQ24: 8 | BR24: 2 | BS24: 8 | BT24: 2 | BU24: 8 | BV24: 0 | BW24: 8 | BX24: 2 | BY24: 8 | BZ24: 2 | CA24: 8 | CB24: 2 | CC24: 8 | CE24: =SUM(BQ24,BS24,BU24,BW24,BY24,CA24,CC24) -> 56 | CF24: =SUM(BR24,BT24,BV24,BX24,BZ24,CB24,CD24) -> 10 | CG24: =IFERROR(INDEX(Settings!$F:$F, MATCH('PROJECT NAME NOV'!$B24 & "-" & 'PROJECT NAME NOV'!$C24, Settings!$H:$H,0)), "") -> 81.25 | CH24: =IFERROR(INDEX(Settings!$G:$G, MATCH('PROJECT NAME NOV'!$B24 & "-" & 'PROJECT NAME NOV'!$C24, Settings!$H:$H, 0)), "") -> 650 | CI24: =(CE24*CG24)+(CF24*CG24) -> 5362.5 | CJ24: =CI24*5% -> 268.125 | CK24: =CI24-CJ24 -> 5094.375 | CM24: 8 | CN24: 4 | CO24: 8 | CP24: 4 | CS24: =SUM(CM24,CO24,CQ24) -> 16 | CT24: =SUM(CN24,CP24,CR24) -> 8 | CU24: =IFERROR(INDEX(Settings!$F:$F, MATCH('PROJECT NAME NOV'!$B24 & "-" & 'PROJECT NAME NOV'!$C24, Settings!$H:$H,0)), "") -> 81.25 | CV24: =IFERROR(INDEX(Settings!$G:$G, MATCH('PROJECT NAME NOV'!$B24 & "-" & 'PROJECT NAME NOV'!$C24, Settings!$H:$H, 0)), "") -> 650 | CW24: =(CU24*CS24)+(CT24*CU24) -> 1950 | CX24: =CW24*5% -> 97.5 | CY24: =CW24-CX24 -> 1852.5 | DH24: ='Billable Till Date'!B20 & "-" & 'Billable Till Date'!C20 -> Task/Activity-Unit Type
B25: Ramakanth | C25: Barbender Helper | D25: Labour-019 | E25: Narendar | F25: 8 | G25: 0 | H25: 8 | I25: 2 | J25: 8 | K25: 2 | L25: 0 | M25: 0 | N25: 8 | O25: 2 | R25: =SUM(F25,H25,J25,L25,N25,P25) -> 32 | S25: =SUM(G25,I25,K25,M25,O25,Q25) -> 6 | T25: =IFERROR(INDEX(Settings!$F:$F, MATCH('PROJECT NAME NOV'!$B25 & "-" & 'PROJECT NAME NOV'!$C25, Settings!$H:$H,0)), "") -> 81.25 | U25: =IFERROR(INDEX(Settings!$G:$G, MATCH('PROJECT NAME NOV'!$B25 & "-" & 'PROJECT NAME NOV'!$C25, Settings!$H:$H, 0)), "") -> 650 | V25: =(R25*T25)+(S25*T25) -> 3087.5 | W25: =V25*5% -> 154.375 | X25: =V25-W25 -> 2933.125 | Y25: 8 | Z25: 0 | AA25: 8 | AB25: 2 | AC25: 8 | AD25: 0 | AE25: 8 | AF25: 2 | AG25: 8 | AH25: 2 | AI25: 0 | AJ25: 0 | AK25: 8 | AL25: 2 | AM25: =IFERROR(INDEX(Settings!$F:$F, MATCH('PROJECT NAME NOV'!$B25 & "-" & 'PROJECT NAME NOV'!$C25, Settings!$H:$H,0)), "") -> 81.25 | AN25: =IFERROR(INDEX(Settings!$G:$G, MATCH('PROJECT NAME NOV'!$B25 & "-" & 'PROJECT NAME NOV'!$C25, Settings!$H:$H, 0)), "") -> 650 | AO25: =SUM(Y25,AA25,AC25,AE25,AG25,AI25,AK25) -> 48 | AP25: =SUM(Z25,AB25,AD25,AF25,AH25,AJ25,AL25) -> 8 | AQ25: =(AO25*AM25)+(AP25*AM25) -> 4550 | AR25: =AQ25*5% -> 227.5 | AS25: =AQ25-AR25 -> 4322.5 | AU25: 8 | AV25: 2 | AW25: 8 | AX25: 4 | AY25: 8 | AZ25: 0 | BA25: 8 | BB25: 4 | BC25: 8 | BD25: 4 | BE25: 8 | BF25: 0 | BG25: 8 | BH25: 4 | BI25: =SUM(AU25,AW25,AY25,BA25,BC25,BE25,BG25) -> 56 | BJ25: =SUM(AV25,AX25,AZ25,BB25,BD25,BF25,BH25) -> 18 | BK25: =IFERROR(INDEX(Settings!$F:$F, MATCH('PROJECT NAME NOV'!$B25 & "-" & 'PROJECT NAME NOV'!$C25, Settings!$H:$H,0)), "") -> 81.25 | BL25: =IFERROR(INDEX(Settings!$G:$G, MATCH('PROJECT NAME NOV'!$B25 & "-" & 'PROJECT NAME NOV'!$C25, Settings!$H:$H, 0)), "") -> 650 | BM25: =(BI25*BK25)+(BJ25*BK25) -> 6012.5 | BN25: =BM25*5% -> 300.625 | BO25: =BM25-BN25 -> 5711.875 | BQ25: 8 | BR25: 2 | BS25: 8 | BT25: 2 | BU25: 8 | BV25: 0 | BW25: 8 | BX25: 2 | BY25: 8 | BZ25: 2 | CA25: 8 | CB25: 2 | CC25: 8 | CE25: =SUM(BQ25,BS25,BU25,BW25,BY25,CA25,CC25) -> 56 | CF25: =SUM(BR25,BT25,BV25,BX25,BZ25,CB25,CD25) -> 10 | CG25: =IFERROR(INDEX(Settings!$F:$F, MATCH('PROJECT NAME NOV'!$B25 & "-" & 'PROJECT NAME NOV'!$C25, Settings!$H:$H,0)), "") -> 81.25 | CH25: =IFERROR(INDEX(Settings!$G:$G, MATCH('PROJECT NAME NOV'!$B25 & "-" & 'PROJECT NAME NOV'!$C25, Settings!$H:$H, 0)), "") -> 650 | CI25: =(CE25*CG25)+(CF25*CG25) -> 5362.5 | CJ25: =CI25*5% -> 268.125 | CK25: =CI25-CJ25 -> 5094.375 | CS25: =SUM(CM25,CO25,CQ25) -> 0 | CT25: =SUM(CN25,CP25,CR25) -> 0 | CU25: =IFERROR(INDEX(Settings!$F:$F, MATCH('PROJECT NAME NOV'!$B25 & "-" & 'PROJECT NAME NOV'!$C25, Settings!$H:$H,0)), "") -> 81.25 | CV25: =IFERROR(INDEX(Settings!$G:$G, MATCH('PROJECT NAME NOV'!$B25 & "-" & 'PROJECT NAME NOV'!$C25, Settings!$H:$H, 0)), "") -> 650 | CW25: =(CU25*CS25)+(CT25*CU25) -> 0 | CX25: =CW25*5% -> 0 | CY25: =CW25-CX25 -> 0 | DH25: ='Billable Till Date'!B21 & "-" & 'Billable Till Date'!C21 -> -
B26: Ramakanth | C26: Barbender Helper | D26: Labour-020 | E26: Chandrasekhar | F26: 8 | G26: 0 | H26: 8 | I26: 0 | J26: 8 | K26: 0 | L26: 8 | M26: 0 | N26: 8 | O26: 0 | R26: =SUM(F26,H26,J26,L26,N26,P26) -> 40 | S26: =SUM(G26,I26,K26,M26,O26,Q26) -> 0 | T26: =IFERROR(INDEX(Settings!$F:$F, MATCH('PROJECT NAME NOV'!$B26 & "-" & 'PROJECT NAME NOV'!$C26, Settings!$H:$H,0)), "") -> 81.25 | U26: =IFERROR(INDEX(Settings!$G:$G, MATCH('PROJECT NAME NOV'!$B26 & "-" & 'PROJECT NAME NOV'!$C26, Settings!$H:$H, 0)), "") -> 650 | V26: =(R26*T26)+(S26*T26) -> 3250 | W26: =V26*5% -> 162.5 | X26: =V26-W26 -> 3087.5 | Y26: 8 | Z26: 0 | AA26: 8 | AB26: 0 | AC26: 8 | AD26: 0 | AE26: 8 | AF26: 0 | AG26: 8 | AH26: 0 | AI26: 8 | AJ26: 0 | AK26: 8 | AL26: 0 | AM26: =IFERROR(INDEX(Settings!$F:$F, MATCH('PROJECT NAME NOV'!$B26 & "-" & 'PROJECT NAME NOV'!$C26, Settings!$H:$H,0)), "") -> 81.25 | AN26: =IFERROR(INDEX(Settings!$G:$G, MATCH('PROJECT NAME NOV'!$B26 & "-" & 'PROJECT NAME NOV'!$C26, Settings!$H:$H, 0)), "") -> 650 | AO26: =SUM(Y26,AA26,AC26,AE26,AG26,AI26,AK26) -> 56 | AP26: =SUM(Z26,AB26,AD26,AF26,AH26,AJ26,AL26) -> 0 | AQ26: =(AO26*AM26)+(AP26*AM26) -> 4550 | AR26: =AQ26*5% -> 227.5 | AS26: =AQ26-AR26 -> 4322.5 | AU26: 8 | AV26: 0 | AW26: 8 | AX26: 0 | AY26: 8 | AZ26: 0 | BA26: 8 | BB26: 0 | BC26: 8 | BD26: 0 | BE26: 8 | BF26: 0 | BG26: 8 | BH26: 0 | BI26: =SUM(AU26,AW26,AY26,BA26,BC26,BE26,BG26) -> 56 | BJ26: =SUM(AV26,AX26,AZ26,BB26,BD26,BF26,BH26) -> 0 | BK26: =IFERROR(INDEX(Settings!$F:$F, MATCH('PROJECT NAME NOV'!$B26 & "-" & 'PROJECT NAME NOV'!$C26, Settings!$H:$H,0)), "") -> 81.25 | BL26: =IFERROR(INDEX(Settings!$G:$G, MATCH('PROJECT NAME NOV'!$B26 & "-" & 'PROJECT NAME NOV'!$C26, Settings!$H:$H, 0)), "") -> 650 | BM26: =(BI26*BK26)+(BJ26*BK26) -> 4550 | BN26: =BM26*5% -> 227.5 | BO26: =BM26-BN26 -> 4322.5 | BQ26: 8 | BR26: 0 | BS26: 8 | BT26: 0 | BU26: 8 | BV26: 0 | BW26: 8 | BX26: 0 | BY26: 8 | BZ26: 0 | CA26: 8 | CB26: 0 | CC26: 8 | CD26: 0 | CE26: =SUM(BQ26,BS26,BU26,BW26,BY26,CA26,CC26) -> 56 | CF26: =SUM(BR26,BT26,BV26,BX26,BZ26,CB26,CD26) -> 0 | CG26: =IFERROR(INDEX(Settings!$F:$F, MATCH('PROJECT NAME NOV'!$B26 & "-" & 'PROJECT NAME NOV'!$C26, Settings!$H:$H,0)), "") -> 81.25 | CH26: =IFERROR(INDEX(Settings!$G:$G, MATCH('PROJECT NAME NOV'!$B26 & "-" & 'PROJECT NAME NOV'!$C26, Settings!$H:$H, 0)), "") -> 650 | CI26: =(CE26*CG26)+(CF26*CG26) -> 4550 | CJ26: =CI26*5% -> 227.5 | CK26: =CI26-CJ26 -> 4322.5 | CM26: 8 | CN26: 0 | CO26: 8 | CP26: 0 | CS26: =SUM(CM26,CO26,CQ26) -> 16 | CT26: =SUM(CN26,CP26,CR26) -> 0 | CU26: =IFERROR(INDEX(Settings!$F:$F, MATCH('PROJECT NAME NOV'!$B26 & "-" & 'PROJECT NAME NOV'!$C26, Settings!$H:$H,0)), "") -> 81.25 | CV26: =IFERROR(INDEX(Settings!$G:$G, MATCH('PROJECT NAME NOV'!$B26 & "-" & 'PROJECT NAME NOV'!$C26, Settings!$H:$H, 0)), "") -> 650 | CW26: =(CU26*CS26)+(CT26*CU26) -> 1300 | CX26: =CW26*5% -> 65 | CY26: =CW26-CX26 -> 1235 | DH26: ='Billable Till Date'!B22 & "-" & 'Billable Till Date'!C22 -> -
B27: Ramakanth | C27: Barbender Helper | D27: Labour-021 | E27: Ashish | F27: 0 | G27: 0 | H27: 0 | I27: 0 | J27: 0 | K27: 0 | L27: 0 | M27: 0 | N27: 8 | O27: 2 | R27: =SUM(F27,H27,J27,L27,N27,P27) -> 8 | S27: =SUM(G27,I27,K27,M27,O27,Q27) -> 2 | T27: =IFERROR(INDEX(Settings!$F:$F, MATCH('PROJECT NAME NOV'!$B27 & "-" & 'PROJECT NAME NOV'!$C27, Settings!$H:$H,0)), "") -> 81.25 | U27: =IFERROR(INDEX(Settings!$G:$G, MATCH('PROJECT NAME NOV'!$B27 & "-" & 'PROJECT NAME NOV'!$C27, Settings!$H:$H, 0)), "") -> 650 | V27: =(R27*T27)+(S27*T27*1.5) -> 893.75 | W27: =V27*5% -> 44.6875 | X27: =V27-W27 -> 849.0625 | Y27: 0 | Z27: 0 | AA27: 0 | AB27: 0 | AC27: 0 | AD27: 0 | AE27: 0 | AF27: 0 | AG27: 0 | AH27: 0 | AI27: 0 | AJ27: 0 | AK27: 8 | AL27: 2 | AM27: =IFERROR(INDEX(Settings!$F:$F, MATCH('PROJECT NAME NOV'!$B27 & "-" & 'PROJECT NAME NOV'!$C27, Settings!$H:$H,0)), "") -> 81.25 | AN27: =IFERROR(INDEX(Settings!$G:$G, MATCH('PROJECT NAME NOV'!$B27 & "-" & 'PROJECT NAME NOV'!$C27, Settings!$H:$H, 0)), "") -> 650 | AO27: =SUM(Y27,AA27,AC27,AE27,AG27,AI27,AK27) -> 8 | AP27: =SUM(Z27,AB27,AD27,AF27,AH27,AJ27,AL27) -> 2 | AQ27: =(AO27*AM27)+(AP27*AM27) -> 812.5 | AR27: =AQ27*5% -> 40.625 | AS27: =AQ27-AR27 -> 771.875 | AU27: 8 | AV27: 2 | AW27: 8 | AX27: 4 | AY27: 8 | AZ27: 0 | BA27: 8 | BB27: 4 | BC27: 8 | BD27: 4 | BE27: 8 | BF27: 0 | BG27: 8 | BH27: 4 | BI27: =SUM(AU27,AW27,AY27,BA27,BC27,BE27,BG27) -> 56 | BJ27: =SUM(AV27,AX27,AZ27,BB27,BD27,BF27,BH27) -> 18 | BK27: =IFERROR(INDEX(Settings!$F:$F, MATCH('PROJECT NAME NOV'!$B27 & "-" & 'PROJECT NAME NOV'!$C27, Settings!$H:$H,0)), "") -> 81.25 | BL27: =IFERROR(INDEX(Settings!$G:$G, MATCH('PROJECT NAME NOV'!$B27 & "-" & 'PROJECT NAME NOV'!$C27, Settings!$H:$H, 0)), "") -> 650 | BM27: =(BI27*BK27)+(BJ27*BK27*1.5) -> 6743.75 | BN27: =BM27*5% -> 337.1875 | BO27: =BM27-BN27 -> 6406.5625 | BQ27: 8 | BR27: 2 | BS27: 8 | BT27: 2 | BU27: 0 | BV27: 0 | BW27: 8 | BX27: 2 | BY27: 8 | BZ27: 2 | CA27: 8 | CB27: 2 | CC27: 8 | CE27: =SUM(BQ27,BS27,BU27,BW27,BY27,CA27,CC27) -> 48 | CF27: =SUM(BR27,BT27,BV27,BX27,BZ27,CB27,CD27) -> 10 | CG27: =IFERROR(INDEX(Settings!$F:$F, MATCH('PROJECT NAME NOV'!$B27 & "-" & 'PROJECT NAME NOV'!$C27, Settings!$H:$H,0)), "") -> 81.25 | CH27: =IFERROR(INDEX(Settings!$G:$G, MATCH('PROJECT NAME NOV'!$B27 & "-" & 'PROJECT NAME NOV'!$C27, Settings!$H:$H, 0)), "") -> 650 | CI27: =(CE27*CG27)+(CF27*CG27*1.5) -> 5118.75 | CJ27: =CI27*5% -> 255.9375 | CK27: =CI27-CJ27 -> 4862.8125 | CM27: 8 | CN27: 4 | CO27: 8 | CP27: 4 | CS27: =SUM(CM27,CO27,CQ27) -> 16 | CT27: =SUM(CN27,CP27,CR27) -> 8 | CU27: =IFERROR(INDEX(Settings!$F:$F, MATCH('PROJECT NAME NOV'!$B27 & "-" & 'PROJECT NAME NOV'!$C27, Settings!$H:$H,0)), "") -> 81.25 | CV27: =IFERROR(INDEX(Settings!$G:$G, MATCH('PROJECT NAME NOV'!$B27 & "-" & 'PROJECT NAME NOV'!$C27, Settings!$H:$H, 0)), "") -> 650 | CW27: =(CU27*CS27)+(CT27*CU27) -> 1950 | CX27: =CW27*5% -> 97.5 | CY27: =CW27-CX27 -> 1852.5 | DH27: ='Billable Till Date'!B23 & "-" & 'Billable Till Date'!C23 -> -
B28: Ramakanth | C28: Barbender Helper | D28: Labour-022 | E28: Dhasarath | F28: 0 | G28: 0 | H28: 0 | I28: 0 | J28: 0 | K28: 0 | L28: 0 | M28: 0 | N28: 8 | O28: 2 | R28: =SUM(F28,H28,J28,L28,N28,P28) -> 8 | S28: =SUM(G28,I28,K28,M28,O28,Q28) -> 2 | T28: =IFERROR(INDEX(Settings!$F:$F, MATCH('PROJECT NAME NOV'!$B28 & "-" & 'PROJECT NAME NOV'!$C28, Settings!$H:$H,0)), "") -> 81.25 | U28: =IFERROR(INDEX(Settings!$G:$G, MATCH('PROJECT NAME NOV'!$B28 & "-" & 'PROJECT NAME NOV'!$C28, Settings!$H:$H, 0)), "") -> 650 | V28: =(R28*T28)+(S28*T28*1.5) -> 893.75 | W28: =V28*5% -> 44.6875 | X28: =V28-W28 -> 849.0625 | Y28: 0 | Z28: 0 | AA28: 0 | AB28: 0 | AC28: 0 | AD28: 0 | AE28: 0 | AF28: 0 | AG28: 0 | AH28: 0 | AI28: 0 | AJ28: 0 | AK28: 8 | AL28: 2 | AM28: =IFERROR(INDEX(Settings!$F:$F, MATCH('PROJECT NAME NOV'!$B28 & "-" & 'PROJECT NAME NOV'!$C28, Settings!$H:$H,0)), "") -> 81.25 | AN28: =IFERROR(INDEX(Settings!$G:$G, MATCH('PROJECT NAME NOV'!$B28 & "-" & 'PROJECT NAME NOV'!$C28, Settings!$H:$H, 0)), "") -> 650 | AO28: =SUM(Y28,AA28,AC28,AE28,AG28,AI28,AK28) -> 8 | AP28: =SUM(Z28,AB28,AD28,AF28,AH28,AJ28,AL28) -> 2 | AQ28: =(AO28*AM28)+(AP28*AM28) -> 812.5 | AR28: =AQ28*5% -> 40.625 | AS28: =AQ28-AR28 -> 771.875 | AU28: 8 | AV28: 2 | AW28: 8 | AX28: 4 | AY28: 8 | AZ28: 0 | BA28: 8 | BB28: 4 | BC28: 8 | BD28: 4 | BE28: 8 | BF28: 0 | BG28: 0 | BH28: 0 | BI28: =SUM(AU28,AW28,AY28,BA28,BC28,BE28,BG28) -> 48 | BJ28: =SUM(AV28,AX28,AZ28,BB28,BD28,BF28,BH28) -> 14 | BK28: =IFERROR(INDEX(Settings!$F:$F, MATCH('PROJECT NAME NOV'!$B28 & "-" & 'PROJECT NAME NOV'!$C28, Settings!$H:$H,0)), "") -> 81.25 | BL28: =IFERROR(INDEX(Settings!$G:$G, MATCH('PROJECT NAME NOV'!$B28 & "-" & 'PROJECT NAME NOV'!$C28, Settings!$H:$H, 0)), "") -> 650 | BM28: =(BI28*BK28)+(BJ28*BK28*1.5) -> 5606.25 | BN28: =BM28*5% -> 280.3125 | BO28: =BM28-BN28 -> 5325.9375 | BQ28: 8 | BR28: 0 | BS28: 0 | BT28: 0 | BU28: 8 | BV28: 0 | BW28: 8 | BX28: 2 | BY28: 8 | BZ28: 2 | CA28: 8 | CB28: 2 | CC28: 8 | CE28: =SUM(BQ28,BS28,BU28,BW28,BY28,CA28,CC28) -> 48 | CF28: =SUM(BR28,BT28,BV28,BX28,BZ28,CB28,CD28) -> 6 | CG28: =IFERROR(INDEX(Settings!$F:$F, MATCH('PROJECT NAME NOV'!$B28 & "-" & 'PROJECT NAME NOV'!$C28, Settings!$H:$H,0)), "") -> 81.25 | CH28: =IFERROR(INDEX(Settings!$G:$G, MATCH('PROJECT NAME NOV'!$B28 & "-" & 'PROJECT NAME NOV'!$C28, Settings!$H:$H, 0)), "") -> 650 | CI28: =(CE28*CG28)+(CF28*CG28*1.5) -> 4631.25 | CJ28: =CI28*5% -> 231.5625 | CK28: =CI28-CJ28 -> 4399.6875 | CM28: 8 | CN28: 4 | CO28: 8 | CP28: 4 | CS28: =SUM(CM28,CO28,CQ28) -> 16 | CT28: =SUM(CN28,CP28,CR28) -> 8 | CU28: =IFERROR(INDEX(Settings!$F:$F, MATCH('PROJECT NAME NOV'!$B28 & "-" & 'PROJECT NAME NOV'!$C28, Settings!$H:$H,0)), "") -> 81.25 | CV28: =IFERROR(INDEX(Settings!$G:$G, MATCH('PROJECT NAME NOV'!$B28 & "-" & 'PROJECT NAME NOV'!$C28, Settings!$H:$H, 0)), "") -> 650 | CW28: =(CU28*CS28)+(CT28*CU28) -> 1950 | CX28: =CW28*5% -> 97.5 | CY28: =CW28-CX28 -> 1852.5 | DH28: ='Billable Till Date'!B24 & "-" & 'Billable Till Date'!C24 -> -
B29: Ramakanth | C29: Carpenter Helper | D29: Labour-023 | E29: Rahul | AM29: =IFERROR(INDEX(Settings!$F:$F, MATCH('PROJECT NAME NOV'!$B29 & "-" & 'PROJECT NAME NOV'!$C29, Settings!$H:$H,0)), "") -> 81.25 | AN29: =IFERROR(INDEX(Settings!$G:$G, MATCH('PROJECT NAME NOV'!$B29 & "-" & 'PROJECT NAME NOV'!$C29, Settings!$H:$H, 0)), "") -> 650 | AO29: =SUM(Y29,AA29,AC29,AE29,AG29,AI29,AK29) -> 0 | AP29: =SUM(Z29,AB29,AD29,AF29,AH29,AJ29,AL29) -> 0 | AQ29: =(AO29*AM29)+(AP29*AM29) -> 0 | AR29: =AQ29*5% -> 0 | AS29: =AQ29-AR29 -> 0 | BH29: 0 | BI29: =SUM(AU29,AW29,AY29,BA29,BC29,BE29,BG29) -> 0 | BJ29: =SUM(AV29,AX29,AZ29,BB29,BD29,BF29,BH29) -> 0 | BK29: =IFERROR(INDEX(Settings!$F:$F, MATCH('PROJECT NAME NOV'!$B29 & "-" & 'PROJECT NAME NOV'!$C29, Settings!$H:$H,0)), "") -> 81.25 | BL29: =IFERROR(INDEX(Settings!$G:$G, MATCH('PROJECT NAME NOV'!$B29 & "-" & 'PROJECT NAME NOV'!$C29, Settings!$H:$H, 0)), "") -> 650 | BM29: =(BI29*BK29)+(BJ29*BK29*1.5) -> 0 | BN29: =BM29*5% -> 0 | BO29: =BM29-BN29 -> 0 | BQ29: 8 | BR29: 2 | BS29: 8 | BT29: 2 | BU29: 8 | BV29: 0 | BW29: 8 | BX29: 2 | BY29: 8 | BZ29: 2 | CA29: 8 | CB29: 2 | CC29: 8 | CE29: =SUM(BQ29,BS29,BU29,BW29,BY29,CA29,CC29) -> 56 | CF29: =SUM(BR29,BT29,BV29,BX29,BZ29,CB29,CD29) -> 10 | CG29: =IFERROR(INDEX(Settings!$F:$F, MATCH('PROJECT NAME NOV'!$B29 & "-" & 'PROJECT NAME NOV'!$C29, Settings!$H:$H,0)), "") -> 81.25 | CH29: =IFERROR(INDEX(Settings!$G:$G, MATCH('PROJECT NAME NOV'!$B29 & "-" & 'PROJECT NAME NOV'!$C29, Settings!$H:$H, 0)), "") -> 650 | CI29: =(CE29*CG29)+(CF29*CG29*1.5) -> 5768.75 | CJ29: =CI29*5% -> 288.4375 | CK29: =CI29-CJ29 -> 5480.3125 | CM29: 8 | CN29: 4 | CO29: 8 | CP29: 4 | CS29: =SUM(CM29,CO29,CQ29) -> 16 | CT29: =SUM(CN29,CP29,CR29) -> 8 | CU29: =IFERROR(INDEX(Settings!$F:$F, MATCH('PROJECT NAME NOV'!$B29 & "-" & 'PROJECT NAME NOV'!$C29, Settings!$H:$H,0)), "") -> 81.25 | CV29: =IFERROR(INDEX(Settings!$G:$G, MATCH('PROJECT NAME NOV'!$B29 & "-" & 'PROJECT NAME NOV'!$C29, Settings!$H:$H, 0)), "") -> 650 | CW29: =(CU29*CS29)+(CT29*CU29) -> 1950 | CX29: =CW29*5% -> 97.5 | CY29: =CW29-CX29 -> 1852.5
B30: Ramakanth | C30: Carpenter Helper | D30: Labour-024 | E30: Pawan | CM30: 8 | CN30: 4 | CO30: 8 | CP30: 4 | CS30: =SUM(CM30,CO30,CQ30) -> 16 | CT30: =SUM(CN30,CP30,CR30) -> 8 | CU30: =IFERROR(INDEX(Settings!$F:$F, MATCH('PROJECT NAME NOV'!$B30 & "-" & 'PROJECT NAME NOV'!$C30, Settings!$H:$H,0)), "") -> 81.25 | CV30: =IFERROR(INDEX(Settings!$G:$G, MATCH('PROJECT NAME NOV'!$B30 & "-" & 'PROJECT NAME NOV'!$C30, Settings!$H:$H, 0)), "") -> 650 | CW30: =(CU30*CS30)+(CT30*CU30) -> 1950 | CX30: =CW30*5% -> 97.5 | CY30: =CW30-CX30 -> 1852.5
B31: Ramakanth | C31: Carpenter Helper | D31: Labour-025 | E31: Ramchand | CM31: 8 | CN31: 4 | CO31: 8 | CP31: 4 | CS31: =SUM(CM31,CO31,CQ31) -> 16 | CT31: =SUM(CN31,CP31,CR31) -> 8 | CU31: =IFERROR(INDEX(Settings!$F:$F, MATCH('PROJECT NAME NOV'!$B31 & "-" & 'PROJECT NAME NOV'!$C31, Settings!$H:$H,0)), "") -> 81.25 | CV31: =IFERROR(INDEX(Settings!$G:$G, MATCH('PROJECT NAME NOV'!$B31 & "-" & 'PROJECT NAME NOV'!$C31, Settings!$H:$H, 0)), "") -> 650 | CW31: =(CU31*CS31)+(CT31*CU31) -> 1950 | CX31: =CW31*5% -> 97.5 | CY31: =CW31-CX31 -> 1852.5
B32: Ramakanth | C32: Carpenter Helper | D32: Labour-026 | E32: Shivaprasad | CM32: 8 | CN32: 4 | CO32: 8 | CP32: 4 | CS32: =SUM(CM32,CO32,CQ32) -> 16 | CT32: =SUM(CN32,CP32,CR32) -> 8 | CU32: =IFERROR(INDEX(Settings!$F:$F, MATCH('PROJECT NAME NOV'!$B32 & "-" & 'PROJECT NAME NOV'!$C32, Settings!$H:$H,0)), "") -> 81.25 | CV32: =IFERROR(INDEX(Settings!$G:$G, MATCH('PROJECT NAME NOV'!$B32 & "-" & 'PROJECT NAME NOV'!$C32, Settings!$H:$H, 0)), "") -> 650 | CW32: =(CU32*CS32)+(CT32*CU32) -> 1950 | CX32: =CW32*5% -> 97.5 | CY32: =CW32-CX32 -> 1852.5
B33: Ramakanth | C33: Carpenter | D33: Labour-027 | E33: Momod | CM33: 8 | CN33: 4 | CO33: 8 | CP33: 4 | CS33: =SUM(CM33,CO33,CQ33) -> 16 | CT33: =SUM(CN33,CP33,CR33) -> 8 | CU33: =IFERROR(INDEX(Settings!$F:$F, MATCH('PROJECT NAME NOV'!$B33 & "-" & 'PROJECT NAME NOV'!$C33, Settings!$H:$H,0)), "") -> 106.25 | CV33: =IFERROR(INDEX(Settings!$G:$G, MATCH('PROJECT NAME NOV'!$B33 & "-" & 'PROJECT NAME NOV'!$C33, Settings!$H:$H, 0)), "") -> 850 | CW33: =(CU33*CS33)+(CT33*CU33) -> 2550 | CX33: =CW33*5% -> 127.5 | CY33: =CW33-CX33 -> 2422.5
B35: Rajan | C35: Barbender Fitter | E35: Rajan | R35: =SUM(F35,H35,J35,L35,N35,P35) -> 0 | S35: =SUM(G35,I35,K35,M35,O35,Q35) -> 0 | T35: =IFERROR(INDEX(Settings!$F:$F, MATCH('PROJECT NAME NOV'!$B35 & "-" & 'PROJECT NAME NOV'!$C35, Settings!$H:$H,0)), "") -> 112.5 | U35: =IFERROR(INDEX(Settings!$G:$G, MATCH('PROJECT NAME NOV'!$B35 & "-" & 'PROJECT NAME NOV'!$C35, Settings!$H:$H, 0)), "") -> 900 | V35: =(R35*T35)+(S35*T35*1.5) -> 0 | W35: =V35*5% -> 0 | X35: =V35-W35 -> 0 | AF35: 0 | AM35: =IFERROR(INDEX(Settings!$F:$F, MATCH('PROJECT NAME NOV'!$B35 & "-" & 'PROJECT NAME NOV'!$C35, Settings!$H:$H,0)), "") -> 112.5 | AN35: =IFERROR(INDEX(Settings!$G:$G, MATCH('PROJECT NAME NOV'!$B35 & "-" & 'PROJECT NAME NOV'!$C35, Settings!$H:$H, 0)), "") -> 900 | AO35: =SUM(Y35,AA35,AC35,AE35,AG35,AI35,AK35) -> 0 | AP35: =SUM(Z35,AB35,AD35,AF35,AH35,AJ35,AL35) -> 0 | AQ35: =(AO35*AM35)+(AP35*AM35) -> 0 | AR35: =AQ35*5% -> 0 | AS35: =AQ35-AR35 -> 0 | AU35: 0 | AV35: 0 | AW35: 8 | AX35: 0 | AY35: 8 | AZ35: 0 | BA35: 8 | BB35: 4 | BC35: 8 | BD35: 6 | BE35: 8 | BF35: 6 | BG35: 8 | BH35: 0 | BI35: =SUM(AU35,AW35,AY35,BA35,BC35,BE35,BG35) -> 48 | BJ35: =SUM(AV35,AX35,AZ35,BB35,BD35,BF35,BH35) -> 16 | BK35: =IFERROR(INDEX(Settings!$F:$F, MATCH('PROJECT NAME NOV'!$B35 & "-" & 'PROJECT NAME NOV'!$C35, Settings!$H:$H,0)), "") -> 112.5 | BL35: =IFERROR(INDEX(Settings!$G:$G, MATCH('PROJECT NAME NOV'!$B35 & "-" & 'PROJECT NAME NOV'!$C35, Settings!$H:$H, 0)), "") -> 900 | BM35: =(BI35*BK35)+(BJ35*BK35*1.5) -> 8100 | BN35: =BM35*5% -> 405 | BO35: =BM35-BN35 -> 7695 | BQ35: 8 | BR35: 4 | BS35: 8 | BT35: 4 | BU35: 8 | BV35: 0 | BW35: 8 | BX35: 4 | BY35: 8 | BZ35: 4 | CA35: 8 | CB35: 2 | CC35: 8 | CE35: =SUM(BQ35,BS35,BU35,BW35,BY35,CA35,CC35) -> 56 | CF35: =SUM(BR35,BT35,BV35,BX35,BZ35,CB35,CD35) -> 18 | CG35: =IFERROR(INDEX(Settings!$F:$F, MATCH('PROJECT NAME NOV'!$B35 & "-" & 'PROJECT NAME NOV'!$C35, Settings!$H:$H,0)), "") -> 112.5 | CH35: =IFERROR(INDEX(Settings!$G:$G, MATCH('PROJECT NAME NOV'!$B35 & "-" & 'PROJECT NAME NOV'!$C35, Settings!$H:$H, 0)), "") -> 900 | CI35: =(CE35*CG35)+(CF35*CG35*1.5) -> 9337.5 | CJ35: =CI35*5% -> 466.875 | CK35: =CI35-CJ35 -> 8870.625 | CM35: 8 | CN35: 4 | CO35: 8 | CQ35: 0 | CS35: =SUM(CM35,CO35,CQ35) -> 16 | CT35: =SUM(CN35,CP35,CR35) -> 4 | CU35: =IFERROR(INDEX(Settings!$F:$F, MATCH('PROJECT NAME NOV'!$B35 & "-" & 'PROJECT NAME NOV'!$C35, Settings!$H:$H,0)), "") -> 112.5 | CV35: =IFERROR(INDEX(Settings!$G:$G, MATCH('PROJECT NAME NOV'!$B35 & "-" & 'PROJECT NAME NOV'!$C35, Settings!$H:$H, 0)), "") -> 900 | CW35: =(CU35*CS35)+(CT35*CU35) -> 2250 | CX35: =CW35*5% -> 112.5 | CY35: =CW35-CX35 -> 2137.5 | DH35: ='Billable Till Date'!B30 & "-" & 'Billable Till Date'!C30 -> -
B36: Rajan | C36: Barbender Fitter | E36: Shashikumar | R36: =SUM(F36,H36,J36,L36,N36,P36) -> 0 | S36: =SUM(G36,I36,K36,M36,O36,Q36) -> 0 | T36: =IFERROR(INDEX(Settings!$F:$F, MATCH('PROJECT NAME NOV'!$B36 & "-" & 'PROJECT NAME NOV'!$C36, Settings!$H:$H,0)), "") -> 112.5 | U36: =IFERROR(INDEX(Settings!$G:$G, MATCH('PROJECT NAME NOV'!$B36 & "-" & 'PROJECT NAME NOV'!$C36, Settings!$H:$H, 0)), "") -> 900 | V36: =(R36*T36)+(S36*T36*1.5) -> 0 | W36: =V36*5% -> 0 | X36: =V36-W36 -> 0 | AM36: =IFERROR(INDEX(Settings!$F:$F, MATCH('PROJECT NAME NOV'!$B36 & "-" & 'PROJECT NAME NOV'!$C36, Settings!$H:$H,0)), "") -> 112.5 | AN36: =IFERROR(INDEX(Settings!$G:$G, MATCH('PROJECT NAME NOV'!$B36 & "-" & 'PROJECT NAME NOV'!$C36, Settings!$H:$H, 0)), "") -> 900 | AO36: =SUM(Y36,AA36,AC36,AE36,AG36,AI36,AK36) -> 0 | AP36: =SUM(Z36,AB36,AD36,AF36,AH36,AJ36,AL36) -> 0 | AQ36: =(AO36*AM36)+(AP36*AM36) -> 0 | AR36: =AQ36*5% -> 0 | AS36: =AQ36-AR36 -> 0 | AU36: 0 | AV36: 0 | AW36: 8 | AX36: 0 | AY36: 8 | AZ36: 0 | BA36: 8 | BB36: 4 | BC36: 8 | BD36: 6 | BE36: 8 | BF36: 6 | BG36: 8 | BH36: 0 | BI36: =SUM(AU36,AW36,AY36,BA36,BC36,BE36,BG36) -> 48 | BJ36: =SUM(AV36,AX36,AZ36,BB36,BD36,BF36,BH36) -> 16 | BK36: =IFERROR(INDEX(Settings!$F:$F, MATCH('PROJECT NAME NOV'!$B36 & "-" & 'PROJECT NAME NOV'!$C36, Settings!$H:$H,0)), "") -> 112.5 | BL36: =IFERROR(INDEX(Settings!$G:$G, MATCH('PROJECT NAME NOV'!$B36 & "-" & 'PROJECT NAME NOV'!$C36, Settings!$H:$H, 0)), "") -> 900 | BM36: =(BI36*BK36)+(BJ36*BK36*1.5) -> 8100 | BN36: =BM36*5% -> 405 | BO36: =BM36-BN36 -> 7695 | CE36: =SUM(BQ36,BS36,BU36,BW36,BY36,CA36,CC36) -> 0 | CF36: =SUM(BR36,BT36,BV36,BX36,BZ36,CB36,CD36) -> 0 | CG36: =IFERROR(INDEX(Settings!$F:$F, MATCH('PROJECT NAME NOV'!$B36 & "-" & 'PROJECT NAME NOV'!$C36, Settings!$H:$H,0)), "") -> 112.5 | CH36: =IFERROR(INDEX(Settings!$G:$G, MATCH('PROJECT NAME NOV'!$B36 & "-" & 'PROJECT NAME NOV'!$C36, Settings!$H:$H, 0)), "") -> 900 | CI36: =(CE36*CG36)+(CF36*CG36*1.5) -> 0 | CJ36: =CI36*5% -> 0 | CK36: =CI36-CJ36 -> 0 | CM36: 8 | CN36: 4 | CO36: 8 | CS36: =SUM(CM36,CO36,CQ36) -> 16 | CT36: =SUM(CN36,CP36,CR36) -> 4 | CU36: =IFERROR(INDEX(Settings!$F:$F, MATCH('PROJECT NAME NOV'!$B36 & "-" & 'PROJECT NAME NOV'!$C36, Settings!$H:$H,0)), "") -> 112.5 | CV36: =IFERROR(INDEX(Settings!$G:$G, MATCH('PROJECT NAME NOV'!$B36 & "-" & 'PROJECT NAME NOV'!$C36, Settings!$H:$H, 0)), "") -> 900 | CW36: =(CU36*CS36)+(CT36*CU36) -> 2250 | CX36: =CW36*5% -> 112.5 | CY36: =CW36-CX36 -> 2137.5 | DH36: ='Billable Till Date'!B31 & "-" & 'Billable Till Date'!C31 -> -
B37: Rajan | C37: Barbender Fitter | E37: Mangal Gropsara | R37: =SUM(F37,H37,J37,L37,N37,P37) -> 0 | S37: =SUM(G37,I37,K37,M37,O37,Q37) -> 0 | T37: =IFERROR(INDEX(Settings!$F:$F, MATCH('PROJECT NAME NOV'!$B37 & "-" & 'PROJECT NAME NOV'!$C37, Settings!$H:$H,0)), "") -> 112.5 | U37: =IFERROR(INDEX(Settings!$G:$G, MATCH('PROJECT NAME NOV'!$B37 & "-" & 'PROJECT NAME NOV'!$C37, Settings!$H:$H, 0)), "") -> 900 | V37: =(R37*T37)+(S37*T37*1.5) -> 0 | W37: =V37*5% -> 0 | X37: =V37-W37 -> 0 | AM37: =IFERROR(INDEX(Settings!$F:$F, MATCH('PROJECT NAME NOV'!$B37 & "-" & 'PROJECT NAME NOV'!$C37, Settings!$H:$H,0)), "") -> 112.5 | AN37: =IFERROR(INDEX(Settings!$G:$G, MATCH('PROJECT NAME NOV'!$B37 & "-" & 'PROJECT NAME NOV'!$C37, Settings!$H:$H, 0)), "") -> 900 | AO37: =SUM(Y37,AA37,AC37,AE37,AG37,AI37,AK37) -> 0 | AP37: =SUM(Z37,AB37,AD37,AF37,AH37,AJ37,AL37) -> 0 | AQ37: =(AO37*AM37)+(AP37*AM37) -> 0 | AR37: =AQ37*5% -> 0 | AS37: =AQ37-AR37 -> 0 | AU37: 0 | AV37: 0 | AW37: 8 | AX37: 0 | AY37: 8 | AZ37: 0 | BA37: 8 | BB37: 4 | BC37: 8 | BD37: 6 | BE37: 8 | BF37: 6 | BG37: 8 | BH37: 6 | BI37: =SUM(AU37,AW37,AY37,BA37,BC37,BE37,BG37) -> 48 | BJ37: =SUM(AV37,AX37,AZ37,BB37,BD37,BF37,BH37) -> 22 | BK37: =IFERROR(INDEX(Settings!$F:$F, MATCH('PROJECT NAME NOV'!$B37 & "-" & 'PROJECT NAME NOV'!$C37, Settings!$H:$H,0)), "") -> 112.5 | BL37: =IFERROR(INDEX(Settings!$G:$G, MATCH('PROJECT NAME NOV'!$B37 & "-" & 'PROJECT NAME NOV'!$C37, Settings!$H:$H, 0)), "") -> 900 | BM37: =(BI37*BK37)+(BJ37*BK37*1.5) -> 9112.5 | BN37: =BM37*5% -> 455.625 | BO37: =BM37-BN37 -> 8656.875 | BQ37: 8 | BR37: 4 | BS37: 8 | BT37: 4 | BU37: 8 | BV37: 0 | BW37: 8 | BX37: 4 | BY37: 8 | BZ37: 4 | CA37: 8 | CB37: 4 | CC37: 8 | CE37: =SUM(BQ37,BS37,BU37,BW37,BY37,CA37,CC37) -> 56 | CF37: =SUM(BR37,BT37,BV37,BX37,BZ37,CB37,CD37) -> 20 | CG37: =IFERROR(INDEX(Settings!$F:$F, MATCH('PROJECT NAME NOV'!$B37 & "-" & 'PROJECT NAME NOV'!$C37, Settings!$H:$H,0)), "") -> 112.5 | CH37: =IFERROR(INDEX(Settings!$G:$G, MATCH('PROJECT NAME NOV'!$B37 & "-" & 'PROJECT NAME NOV'!$C37, Settings!$H:$H, 0)), "") -> 900 | CI37: =(CE37*CG37)+(CF37*CG37*1.5) -> 9675 | CJ37: =CI37*5% -> 483.75 | CK37: =CI37-CJ37 -> 9191.25 | CM37: 8 | CN37: 4 | CO37: 0 | CS37: =SUM(CM37,CO37,CQ37) -> 8 | CT37: =SUM(CN37,CP37,CR37) -> 4 | CU37: =IFERROR(INDEX(Settings!$F:$F, MATCH('PROJECT NAME NOV'!$B37 & "-" & 'PROJECT NAME NOV'!$C37, Settings!$H:$H,0)), "") -> 112.5 | CV37: =IFERROR(INDEX(Settings!$G:$G, MATCH('PROJECT NAME NOV'!$B37 & "-" & 'PROJECT NAME NOV'!$C37, Settings!$H:$H, 0)), "") -> 900 | CW37: =(CU37*CS37)+(CT37*CU37) -> 1350 | CX37: =CW37*5% -> 67.5 | CY37: =CW37-CX37 -> 1282.5 | DH37: ='Billable Till Date'!B32 & "-" & 'Billable Till Date'!C32 -> -
B38: Rajan | C38: Barbender Fitter | E38: Sunil | R38: =SUM(F38,H38,J38,L38,N38,P38) -> 0 | S38: =SUM(G38,I38,K38,M38,O38,Q38) -> 0 | T38: =IFERROR(INDEX(Settings!$F:$F, MATCH('PROJECT NAME NOV'!$B38 & "-" & 'PROJECT NAME NOV'!$C38, Settings!$H:$H,0)), "") -> 112.5 | U38: =IFERROR(INDEX(Settings!$G:$G, MATCH('PROJECT NAME NOV'!$B38 & "-" & 'PROJECT NAME NOV'!$C38, Settings!$H:$H, 0)), "") -> 900 | V38: =(R38*T38)+(S38*T38*1.5) -> 0 | W38: =V38*5% -> 0 | X38: =V38-W38 -> 0 | AM38: =IFERROR(INDEX(Settings!$F:$F, MATCH('PROJECT NAME NOV'!$B38 & "-" & 'PROJECT NAME NOV'!$C38, Settings!$H:$H,0)), "") -> 112.5 | AN38: =IFERROR(INDEX(Settings!$G:$G, MATCH('PROJECT NAME NOV'!$B38 & "-" & 'PROJECT NAME NOV'!$C38, Settings!$H:$H, 0)), "") -> 900 | AO38: =SUM(Y38,AA38,AC38,AE38,AG38,AI38,AK38) -> 0 | AP38: =SUM(Z38,AB38,AD38,AF38,AH38,AJ38,AL38) -> 0 | AQ38: =(AO38*AM38)+(AP38*AM38) -> 0 | AR38: =AQ38*5% -> 0 | AS38: =AQ38-AR38 -> 0 | AU38: 0 | AV38: 0 | AW38: 8 | AX38: 0 | AY38: 8 | AZ38: 0 | BA38: 8 | BB38: 4 | BC38: 8 | BD38: 6 | BE38: 8 | BF38: 6 | BG38: 8 | BH38: 6 | BI38: =SUM(AU38,AW38,AY38,BA38,BC38,BE38,BG38) -> 48 | BJ38: =SUM(AV38,AX38,AZ38,BB38,BD38,BF38,BH38) -> 22 | BK38: =IFERROR(INDEX(Settings!$F:$F, MATCH('PROJECT NAME NOV'!$B38 & "-" & 'PROJECT NAME NOV'!$C38, Settings!$H:$H,0)), "") -> 112.5 | BL38: =IFERROR(INDEX(Settings!$G:$G, MATCH('PROJECT NAME NOV'!$B38 & "-" & 'PROJECT NAME NOV'!$C38, Settings!$H:$H, 0)), "") -> 900 | BM38: =(BI38*BK38)+(BJ38*BK38*1.5) -> 9112.5 | BN38: =BM38*5% -> 455.625 | BO38: =BM38-BN38 -> 8656.875 | BQ38: 8 | BR38: 4 | BS38: 8 | BT38: 4 | BU38: 8 | BV38: 0 | BW38: 8 | BX38: 4 | BY38: 8 | BZ38: 4 | CA38: 8 | CB38: 4 | CC38: 8 | CE38: =SUM(BQ38,BS38,BU38,BW38,BY38,CA38,CC38) -> 56 | CF38: =SUM(BR38,BT38,BV38,BX38,BZ38,CB38,CD38) -> 20 | CG38: =IFERROR(INDEX(Settings!$F:$F, MATCH('PROJECT NAME NOV'!$B38 & "-" & 'PROJECT NAME NOV'!$C38, Settings!$H:$H,0)), "") -> 112.5 | CH38: =IFERROR(INDEX(Settings!$G:$G, MATCH('PROJECT NAME NOV'!$B38 & "-" & 'PROJECT NAME NOV'!$C38, Settings!$H:$H, 0)), "") -> 900 | CI38: =(CE38*CG38)+(CF38*CG38*1.5) -> 9675 | CJ38: =CI38*5% -> 483.75 | CK38: =CI38-CJ38 -> 9191.25 | CM38: 8 | CN38: 4 | CO38: 8 | CS38: =SUM(CM38,CO38,CQ38) -> 16 | CT38: =SUM(CN38,CP38,CR38) -> 4 | CU38: =IFERROR(INDEX(Settings!$F:$F, MATCH('PROJECT NAME NOV'!$B38 & "-" & 'PROJECT NAME NOV'!$C38, Settings!$H:$H,0)), "") -> 112.5 | CV38: =IFERROR(INDEX(Settings!$G:$G, MATCH('PROJECT NAME NOV'!$B38 & "-" & 'PROJECT NAME NOV'!$C38, Settings!$H:$H, 0)), "") -> 900 | CW38: =(CU38*CS38)+(CT38*CU38) -> 2250 | CX38: =CW38*5% -> 112.5 | CY38: =CW38-CX38 -> 2137.5 | DH38: ='Billable Till Date'!B33 & "-" & 'Billable Till Date'!C33 -> -
B39: Rajan | C39: Barbender Fitter | E39: Sitaram | R39: =SUM(F39,H39,J39,L39,N39,P39) -> 0 | S39: =SUM(G39,I39,K39,M39,O39,Q39) -> 0 | T39: =IFERROR(INDEX(Settings!$F:$F, MATCH('PROJECT NAME NOV'!$B39 & "-" & 'PROJECT NAME NOV'!$C39, Settings!$H:$H,0)), "") -> 112.5 | U39: =IFERROR(INDEX(Settings!$G:$G, MATCH('PROJECT NAME NOV'!$B39 & "-" & 'PROJECT NAME NOV'!$C39, Settings!$H:$H, 0)), "") -> 900 | V39: =(R39*T39)+(S39*T39*1.5) -> 0 | W39: =V39*5% -> 0 | X39: =V39-W39 -> 0 | AM39: =IFERROR(INDEX(Settings!$F:$F, MATCH('PROJECT NAME NOV'!$B39 & "-" & 'PROJECT NAME NOV'!$C39, Settings!$H:$H,0)), "") -> 112.5 | AN39: =IFERROR(INDEX(Settings!$G:$G, MATCH('PROJECT NAME NOV'!$B39 & "-" & 'PROJECT NAME NOV'!$C39, Settings!$H:$H, 0)), "") -> 900 | AO39: =SUM(Y39,AA39,AC39,AE39,AG39,AI39,AK39) -> 0 | AP39: =SUM(Z39,AB39,AD39,AF39,AH39,AJ39,AL39) -> 0 | AQ39: =(AO39*AM39)+(AP39*AM39) -> 0 | AR39: =AQ39*5% -> 0 | AS39: =AQ39-AR39 -> 0 | AU39: 0 | AV39: 0 | AW39: 8 | AX39: 0 | AY39: 8 | AZ39: 0 | BA39: 8 | BB39: 4 | BC39: 8 | BD39: 6 | BE39: 8 | BF39: 6 | BG39: 8 | BH39: 6 | BI39: =SUM(AU39,AW39,AY39,BA39,BC39,BE39,BG39) -> 48 | BJ39: =SUM(AV39,AX39,AZ39,BB39,BD39,BF39,BH39) -> 22 | BK39: =IFERROR(INDEX(Settings!$F:$F, MATCH('PROJECT NAME NOV'!$B39 & "-" & 'PROJECT NAME NOV'!$C39, Settings!$H:$H,0)), "") -> 112.5 | BL39: =IFERROR(INDEX(Settings!$G:$G, MATCH('PROJECT NAME NOV'!$B39 & "-" & 'PROJECT NAME NOV'!$C39, Settings!$H:$H, 0)), "") -> 900 | BM39: =(BI39*BK39)+(BJ39*BK39*1.5) -> 9112.5 | BN39: =BM39*5% -> 455.625 | BO39: =BM39-BN39 -> 8656.875 | BQ39: 8 | BR39: 4 | BS39: 8 | BT39: 4 | BU39: 8 | BV39: 0 | BW39: 8 | BX39: 4 | BY39: 8 | BZ39: 4 | CA39: 8 | CB39: 4 | CC39: 8 | CE39: =SUM(BQ39,BS39,BU39,BW39,BY39,CA39,CC39) -> 56 | CF39: =SUM(BR39,BT39,BV39,BX39,BZ39,CB39,CD39) -> 20 | CG39: =IFERROR(INDEX(Settings!$F:$F, MATCH('PROJECT NAME NOV'!$B39 & "-" & 'PROJECT NAME NOV'!$C39, Settings!$H:$H,0)), "") -> 112.5 | CH39: =IFERROR(INDEX(Settings!$G:$G, MATCH('PROJECT NAME NOV'!$B39 & "-" & 'PROJECT NAME NOV'!$C39, Settings!$H:$H, 0)), "") -> 900 | CI39: =(CE39*CG39)+(CF39*CG39*1.5) -> 9675 | CJ39: =CI39*5% -> 483.75 | CK39: =CI39-CJ39 -> 9191.25 | CM39: 8 | CN39: 4 | CO39: 8 | CS39: =SUM(CM39,CO39,CQ39) -> 16 | CT39: =SUM(CN39,CP39,CR39) -> 4 | CU39: =IFERROR(INDEX(Settings!$F:$F, MATCH('PROJECT NAME NOV'!$B39 & "-" & 'PROJECT NAME NOV'!$C39, Settings!$H:$H,0)), "") -> 112.5 | CV39: =IFERROR(INDEX(Settings!$G:$G, MATCH('PROJECT NAME NOV'!$B39 & "-" & 'PROJECT NAME NOV'!$C39, Settings!$H:$H, 0)), "") -> 900 | CW39: =(CU39*CS39)+(CT39*CU39) -> 2250 | CX39: =CW39*5% -> 112.5 | CY39: =CW39-CX39 -> 2137.5 | DH39: ='Billable Till Date'!B34 & "-" & 'Billable Till Date'!C34 -> -
B40: Rajan | C40: Barbender Fitter | E40: Azad | R40: =SUM(F40,H40,J40,L40,N40,P40) -> 0 | S40: =SUM(G40,I40,K40,M40,O40,Q40) -> 0 | T40: =IFERROR(INDEX(Settings!$F:$F, MATCH('PROJECT NAME NOV'!$B40 & "-" & 'PROJECT NAME NOV'!$C40, Settings!$H:$H,0)), "") -> 112.5 | U40: =IFERROR(INDEX(Settings!$G:$G, MATCH('PROJECT NAME NOV'!$B40 & "-" & 'PROJECT NAME NOV'!$C40, Settings!$H:$H, 0)), "") -> 900 | V40: =(R40*T40)+(S40*T40*1.5) -> 0 | W40: =V40*5% -> 0 | X40: =V40-W40 -> 0 | AM40: =IFERROR(INDEX(Settings!$F:$F, MATCH('PROJECT NAME NOV'!$B40 & "-" & 'PROJECT NAME NOV'!$C40, Settings!$H:$H,0)), "") -> 112.5 | AN40: =IFERROR(INDEX(Settings!$G:$G, MATCH('PROJECT NAME NOV'!$B40 & "-" & 'PROJECT NAME NOV'!$C40, Settings!$H:$H, 0)), "") -> 900 | AO40: =SUM(Y40,AA40,AC40,AE40,AG40,AI40,AK40) -> 0 | AP40: =SUM(Z40,AB40,AD40,AF40,AH40,AJ40,AL40) -> 0 | AQ40: =(AO40*AM40)+(AP40*AM40) -> 0 | AR40: =AQ40*5% -> 0 | AS40: =AQ40-AR40 -> 0 | AU40: 0 | AV40: 0 | AW40: 8 | AX40: 0 | AY40: 8 | AZ40: 0 | BA40: 8 | BB40: 4 | BC40: 8 | BD40: 6 | BE40: 8 | BF40: 6 | BG40: 8 | BH40: 6 | BI40: =SUM(AU40,AW40,AY40,BA40,BC40,BE40,BG40) -> 48 | BJ40: =SUM(AV40,AX40,AZ40,BB40,BD40,BF40,BH40) -> 22 | BK40: =IFERROR(INDEX(Settings!$F:$F, MATCH('PROJECT NAME NOV'!$B40 & "-" & 'PROJECT NAME NOV'!$C40, Settings!$H:$H,0)), "") -> 112.5 | BL40: =IFERROR(INDEX(Settings!$G:$G, MATCH('PROJECT NAME NOV'!$B40 & "-" & 'PROJECT NAME NOV'!$C40, Settings!$H:$H, 0)), "") -> 900 | BM40: =(BI40*BK40)+(BJ40*BK40*1.5) -> 9112.5 | BN40: =BM40*5% -> 455.625 | BO40: =BM40-BN40 -> 8656.875 | BQ40: 8 | BR40: 4 | BS40: 8 | BT40: 4 | BU40: 8 | BV40: 0 | BW40: 8 | BX40: 4 | BY40: 8 | BZ40: 4 | CA40: 8 | CB40: 4 | CC40: 8 | CE40: =SUM(BQ40,BS40,BU40,BW40,BY40,CA40,CC40) -> 56 | CF40: =SUM(BR40,BT40,BV40,BX40,BZ40,CB40,CD40) -> 20 | CG40: =IFERROR(INDEX(Settings!$F:$F, MATCH('PROJECT NAME NOV'!$B40 & "-" & 'PROJECT NAME NOV'!$C40, Settings!$H:$H,0)), "") -> 112.5 | CH40: =IFERROR(INDEX(Settings!$G:$G, MATCH('PROJECT NAME NOV'!$B40 & "-" & 'PROJECT NAME NOV'!$C40, Settings!$H:$H, 0)), "") -> 900 | CI40: =(CE40*CG40)+(CF40*CG40*1.5) -> 9675 | CJ40: =CI40*5% -> 483.75 | CK40: =CI40-CJ40 -> 9191.25 | CM40: 8 | CN40: 4 | CO40: 8 | CS40: =SUM(CM40,CO40,CQ40) -> 16 | CT40: =SUM(CN40,CP40,CR40) -> 4 | CU40: =IFERROR(INDEX(Settings!$F:$F, MATCH('PROJECT NAME NOV'!$B40 & "-" & 'PROJECT NAME NOV'!$C40, Settings!$H:$H,0)), "") -> 112.5 | CV40: =IFERROR(INDEX(Settings!$G:$G, MATCH('PROJECT NAME NOV'!$B40 & "-" & 'PROJECT NAME NOV'!$C40, Settings!$H:$H, 0)), "") -> 900 | CW40: =(CU40*CS40)+(CT40*CU40) -> 2250 | CX40: =CW40*5% -> 112.5 | CY40: =CW40-CX40 -> 2137.5 | DH40: ='Billable Till Date'!B35 & "-" & 'Billable Till Date'!C35 -> -
B41: Rajan | C41: Barbender Fitter | E41: Galkud | R41: =SUM(F41,H41,J41,L41,N41,P41) -> 0 | S41: =SUM(G41,I41,K41,M41,O41,Q41) -> 0 | T41: =IFERROR(INDEX(Settings!$F:$F, MATCH('PROJECT NAME NOV'!$B41 & "-" & 'PROJECT NAME NOV'!$C41, Settings!$H:$H,0)), "") -> 112.5 | U41: =IFERROR(INDEX(Settings!$G:$G, MATCH('PROJECT NAME NOV'!$B41 & "-" & 'PROJECT NAME NOV'!$C41, Settings!$H:$H, 0)), "") -> 900 | V41: =(R41*T41)+(S41*T41*1.5) -> 0 | W41: =V41*5% -> 0 | X41: =V41-W41 -> 0 | AM41: =IFERROR(INDEX(Settings!$F:$F, MATCH('PROJECT NAME NOV'!$B41 & "-" & 'PROJECT NAME NOV'!$C41, Settings!$H:$H,0)), "") -> 112.5 | AN41: =IFERROR(INDEX(Settings!$G:$G, MATCH('PROJECT NAME NOV'!$B41 & "-" & 'PROJECT NAME NOV'!$C41, Settings!$H:$H, 0)), "") -> 900 | AO41: =SUM(Y41,AA41,AC41,AE41,AG41,AI41,AK41) -> 0 | AP41: =SUM(Z41,AB41,AD41,AF41,AH41,AJ41,AL41) -> 0 | AQ41: =(AO41*AM41)+(AP41*AM41) -> 0 | AR41: =AQ41*5% -> 0 | AS41: =AQ41-AR41 -> 0 | AU41: 0 | AV41: 0 | AW41: 8 | AX41: 0 | AY41: 8 | AZ41: 0 | BA41: 8 | BB41: 4 | BC41: 8 | BD41: 6 | BE41: 8 | BF41: 6 | BG41: 8 | BH41: 6 | BI41: =SUM(AU41,AW41,AY41,BA41,BC41,BE41,BG41) -> 48 | BJ41: =SUM(AV41,AX41,AZ41,BB41,BD41,BF41,BH41) -> 22 | BK41: =IFERROR(INDEX(Settings!$F:$F, MATCH('PROJECT NAME NOV'!$B41 & "-" & 'PROJECT NAME NOV'!$C41, Settings!$H:$H,0)), "") -> 112.5 | BL41: =IFERROR(INDEX(Settings!$G:$G, MATCH('PROJECT NAME NOV'!$B41 & "-" & 'PROJECT NAME NOV'!$C41, Settings!$H:$H, 0)), "") -> 900 | BM41: =(BI41*BK41)+(BJ41*BK41*1.5) -> 9112.5 | BN41: =BM41*5% -> 455.625 | BO41: =BM41-BN41 -> 8656.875 | BQ41: 8 | BR41: 4 | BS41: 8 | BT41: 4 | BU41: 8 | BV41: 0 | BW41: 8 | BX41: 4 | BY41: 8 | BZ41: 4 | CA41: 8 | CB41: 4 | CC41: 8 | CE41: =SUM(BQ41,BS41,BU41,BW41,BY41,CA41,CC41) -> 56 | CF41: =SUM(BR41,BT41,BV41,BX41,BZ41,CB41,CD41) -> 20 | CG41: =IFERROR(INDEX(Settings!$F:$F, MATCH('PROJECT NAME NOV'!$B41 & "-" & 'PROJECT NAME NOV'!$C41, Settings!$H:$H,0)), "") -> 112.5 | CH41: =IFERROR(INDEX(Settings!$G:$G, MATCH('PROJECT NAME NOV'!$B41 & "-" & 'PROJECT NAME NOV'!$C41, Settings!$H:$H, 0)), "") -> 900 | CI41: =(CE41*CG41)+(CF41*CG41*1.5) -> 9675 | CJ41: =CI41*5% -> 483.75 | CK41: =CI41-CJ41 -> 9191.25 | CM41: 8 | CN41: 4 | CO41: 8 | CS41: =SUM(CM41,CO41,CQ41) -> 16 | CT41: =SUM(CN41,CP41,CR41) -> 4 | CU41: =IFERROR(INDEX(Settings!$F:$F, MATCH('PROJECT NAME NOV'!$B41 & "-" & 'PROJECT NAME NOV'!$C41, Settings!$H:$H,0)), "") -> 112.5 | CV41: =IFERROR(INDEX(Settings!$G:$G, MATCH('PROJECT NAME NOV'!$B41 & "-" & 'PROJECT NAME NOV'!$C41, Settings!$H:$H, 0)), "") -> 900 | CW41: =(CU41*CS41)+(CT41*CU41) -> 2250 | CX41: =CW41*5% -> 112.5 | CY41: =CW41-CX41 -> 2137.5 | DH41: ='Billable Till Date'!B36 & "-" & 'Billable Till Date'!C36 -> -
B42: Rajan | C42: Barbender Fitter | E42: Vijay | R42: =SUM(F42,H42,J42,L42,N42,P42) -> 0 | S42: =SUM(G42,I42,K42,M42,O42,Q42) -> 0 | T42: =IFERROR(INDEX(Settings!$F:$F, MATCH('PROJECT NAME NOV'!$B42 & "-" & 'PROJECT NAME NOV'!$C42, Settings!$H:$H,0)), "") -> 112.5 | U42: =IFERROR(INDEX(Settings!$G:$G, MATCH('PROJECT NAME NOV'!$B42 & "-" & 'PROJECT NAME NOV'!$C42, Settings!$H:$H, 0)), "") -> 900 | V42: =(R42*T42)+(S42*T42*1.5) -> 0 | W42: =V42*5% -> 0 | X42: =V42-W42 -> 0 | AM42: =IFERROR(INDEX(Settings!$F:$F, MATCH('PROJECT NAME NOV'!$B42 & "-" & 'PROJECT NAME NOV'!$C42, Settings!$H:$H,0)), "") -> 112.5 | AN42: =IFERROR(INDEX(Settings!$G:$G, MATCH('PROJECT NAME NOV'!$B42 & "-" & 'PROJECT NAME NOV'!$C42, Settings!$H:$H, 0)), "") -> 900 | AO42: =SUM(Y42,AA42,AC42,AE42,AG42,AI42,AK42) -> 0 | AP42: =SUM(Z42,AB42,AD42,AF42,AH42,AJ42,AL42) -> 0 | AQ42: =(AO42*AM42)+(AP42*AM42) -> 0 | AR42: =AQ42*5% -> 0 | AS42: =AQ42-AR42 -> 0 | AU42: 0 | AV42: 0 | AW42: 8 | AX42: 0 | AY42: 8 | AZ42: 0 | BA42: 8 | BB42: 4 | BC42: 8 | BD42: 6 | BE42: 8 | BF42: 6 | BG42: 8 | BH42: 6 | BI42: =SUM(AU42,AW42,AY42,BA42,BC42,BE42,BG42) -> 48 | BJ42: =SUM(AV42,AX42,AZ42,BB42,BD42,BF42,BH42) -> 22 | BK42: =IFERROR(INDEX(Settings!$F:$F, MATCH('PROJECT NAME NOV'!$B42 & "-" & 'PROJECT NAME NOV'!$C42, Settings!$H:$H,0)), "") -> 112.5 | BL42: =IFERROR(INDEX(Settings!$G:$G, MATCH('PROJECT NAME NOV'!$B42 & "-" & 'PROJECT NAME NOV'!$C42, Settings!$H:$H, 0)), "") -> 900 | BM42: =(BI42*BK42)+(BJ42*BK42*1.5) -> 9112.5 | BN42: =BM42*5% -> 455.625 | BO42: =BM42-BN42 -> 8656.875 | BQ42: 8 | BR42: 4 | BS42: 8 | BT42: 4 | BU42: 8 | BV42: 0 | BW42: 8 | BX42: 4 | BY42: 8 | BZ42: 4 | CA42: 8 | CB42: 4 | CC42: 8 | CE42: =SUM(BQ42,BS42,BU42,BW42,BY42,CA42,CC42) -> 56 | CF42: =SUM(BR42,BT42,BV42,BX42,BZ42,CB42,CD42) -> 20 | CG42: =IFERROR(INDEX(Settings!$F:$F, MATCH('PROJECT NAME NOV'!$B42 & "-" & 'PROJECT NAME NOV'!$C42, Settings!$H:$H,0)), "") -> 112.5 | CH42: =IFERROR(INDEX(Settings!$G:$G, MATCH('PROJECT NAME NOV'!$B42 & "-" & 'PROJECT NAME NOV'!$C42, Settings!$H:$H, 0)), "") -> 900 | CI42: =(CE42*CG42)+(CF42*CG42*1.5) -> 9675 | CJ42: =CI42*5% -> 483.75 | CK42: =CI42-CJ42 -> 9191.25 | CM42: 8 | CN42: 4 | CO42: 8 | CS42: =SUM(CM42,CO42,CQ42) -> 16 | CT42: =SUM(CN42,CP42,CR42) -> 4 | CU42: =IFERROR(INDEX(Settings!$F:$F, MATCH('PROJECT NAME NOV'!$B42 & "-" & 'PROJECT NAME NOV'!$C42, Settings!$H:$H,0)), "") -> 112.5 | CV42: =IFERROR(INDEX(Settings!$G:$G, MATCH('PROJECT NAME NOV'!$B42 & "-" & 'PROJECT NAME NOV'!$C42, Settings!$H:$H, 0)), "") -> 900 | CW42: =(CU42*CS42)+(CT42*CU42) -> 2250 | CX42: =CW42*5% -> 112.5 | CY42: =CW42-CX42 -> 2137.5 | DH42: ='Billable Till Date'!B37 & "-" & 'Billable Till Date'!C37 -> -
B43: Rajan | C43: Barbender Fitter | E43: Lakhan | R43: =SUM(F43,H43,J43,L43,N43,P43) -> 0 | S43: =SUM(G43,I43,K43,M43,O43,Q43) -> 0 | T43: =IFERROR(INDEX(Settings!$F:$F, MATCH('PROJECT NAME NOV'!$B43 & "-" & 'PROJECT NAME NOV'!$C43, Settings!$H:$H,0)), "") -> 112.5 | U43: =IFERROR(INDEX(Settings!$G:$G, MATCH('PROJECT NAME NOV'!$B43 & "-" & 'PROJECT NAME NOV'!$C43, Settings!$H:$H, 0)), "") -> 900 | V43: =(R43*T43)+(S43*T43*1.5) -> 0 | W43: =V43*5% -> 0 | X43: =V43-W43 -> 0 | AM43: =IFERROR(INDEX(Settings!$F:$F, MATCH('PROJECT NAME NOV'!$B43 & "-" & 'PROJECT NAME NOV'!$C43, Settings!$H:$H,0)), "") -> 112.5 | AN43: =IFERROR(INDEX(Settings!$G:$G, MATCH('PROJECT NAME NOV'!$B43 & "-" & 'PROJECT NAME NOV'!$C43, Settings!$H:$H, 0)), "") -> 900 | AO43: =SUM(Y43,AA43,AC43,AE43,AG43,AI43,AK43) -> 0 | AP43: =SUM(Z43,AB43,AD43,AF43,AH43,AJ43,AL43) -> 0 | AQ43: =(AO43*AM43)+(AP43*AM43) -> 0 | AR43: =AQ43*5% -> 0 | AS43: =AQ43-AR43 -> 0 | AU43: 0 | AV43: 0 | AW43: 8 | AX43: 0 | AY43: 8 | AZ43: 0 | BA43: 8 | BB43: 4 | BC43: 8 | BD43: 6 | BE43: 8 | BF43: 6 | BG43: 8 | BH43: 6 | BI43: =SUM(AU43,AW43,AY43,BA43,BC43,BE43,BG43) -> 48 | BJ43: =SUM(AV43,AX43,AZ43,BB43,BD43,BF43,BH43) -> 22 | BK43: =IFERROR(INDEX(Settings!$F:$F, MATCH('PROJECT NAME NOV'!$B43 & "-" & 'PROJECT NAME NOV'!$C43, Settings!$H:$H,0)), "") -> 112.5 | BL43: =IFERROR(INDEX(Settings!$G:$G, MATCH('PROJECT NAME NOV'!$B43 & "-" & 'PROJECT NAME NOV'!$C43, Settings!$H:$H, 0)), "") -> 900 | BM43: =(BI43*BK43)+(BJ43*BK43*1.5) -> 9112.5 | BN43: =BM43*5% -> 455.625 | BO43: =BM43-BN43 -> 8656.875 | BQ43: 8 | BR43: 4 | BS43: 8 | BT43: 4 | BU43: 8 | BV43: 0 | BW43: 8 | BX43: 4 | BY43: 8 | BZ43: 4 | CA43: 8 | CB43: 4 | CC43: 8 | CE43: =SUM(BQ43,BS43,BU43,BW43,BY43,CA43,CC43) -> 56 | CF43: =SUM(BR43,BT43,BV43,BX43,BZ43,CB43,CD43) -> 20 | CG43: =IFERROR(INDEX(Settings!$F:$F, MATCH('PROJECT NAME NOV'!$B43 & "-" & 'PROJECT NAME NOV'!$C43, Settings!$H:$H,0)), "") -> 112.5 | CH43: =IFERROR(INDEX(Settings!$G:$G, MATCH('PROJECT NAME NOV'!$B43 & "-" & 'PROJECT NAME NOV'!$C43, Settings!$H:$H, 0)), "") -> 900 | CI43: =(CE43*CG43)+(CF43*CG43*1.5) -> 9675 | CJ43: =CI43*5% -> 483.75 | CK43: =CI43-CJ43 -> 9191.25 | CM43: 8 | CN43: 4 | CO43: 8 | CS43: =SUM(CM43,CO43,CQ43) -> 16 | CT43: =SUM(CN43,CP43,CR43) -> 4 | CU43: =IFERROR(INDEX(Settings!$F:$F, MATCH('PROJECT NAME NOV'!$B43 & "-" & 'PROJECT NAME NOV'!$C43, Settings!$H:$H,0)), "") -> 112.5 | CV43: =IFERROR(INDEX(Settings!$G:$G, MATCH('PROJECT NAME NOV'!$B43 & "-" & 'PROJECT NAME NOV'!$C43, Settings!$H:$H, 0)), "") -> 900 | CW43: =(CU43*CS43)+(CT43*CU43) -> 2250 | CX43: =CW43*5% -> 112.5 | CY43: =CW43-CX43 -> 2137.5 | DH43: ='Billable Till Date'!B38 & "-" & 'Billable Till Date'!C38 -> -
B44: Rajan | C44: Barbender Fitter | E44: Mangal Gagraj | R44: =SUM(F44,H44,J44,L44,N44,P44) -> 0 | S44: =SUM(G44,I44,K44,M44,O44,Q44) -> 0 | T44: =IFERROR(INDEX(Settings!$F:$F, MATCH('PROJECT NAME NOV'!$B44 & "-" & 'PROJECT NAME NOV'!$C44, Settings!$H:$H,0)), "") -> 112.5 | U44: =IFERROR(INDEX(Settings!$G:$G, MATCH('PROJECT NAME NOV'!$B44 & "-" & 'PROJECT NAME NOV'!$C44, Settings!$H:$H, 0)), "") -> 900 | V44: =(R44*T44)+(S44*T44*1.5) -> 0 | W44: =V44*5% -> 0 | X44: =V44-W44 -> 0 | AM44: =IFERROR(INDEX(Settings!$F:$F, MATCH('PROJECT NAME NOV'!$B44 & "-" & 'PROJECT NAME NOV'!$C44, Settings!$H:$H,0)), "") -> 112.5 | AN44: =IFERROR(INDEX(Settings!$G:$G, MATCH('PROJECT NAME NOV'!$B44 & "-" & 'PROJECT NAME NOV'!$C44, Settings!$H:$H, 0)), "") -> 900 | AO44: =SUM(Y44,AA44,AC44,AE44,AG44,AI44,AK44) -> 0 | AP44: =SUM(Z44,AB44,AD44,AF44,AH44,AJ44,AL44) -> 0 | AQ44: =(AO44*AM44)+(AP44*AM44) -> 0 | AR44: =AQ44*5% -> 0 | AS44: =AQ44-AR44 -> 0 | AU44: 0 | AV44: 0 | AW44: 8 | AX44: 0 | AY44: 8 | AZ44: 0 | BA44: 8 | BB44: 4 | BC44: 8 | BD44: 6 | BE44: 8 | BF44: 6 | BG44: 8 | BH44: 6 | BI44: =SUM(AU44,AW44,AY44,BA44,BC44,BE44,BG44) -> 48 | BJ44: =SUM(AV44,AX44,AZ44,BB44,BD44,BF44,BH44) -> 22 | BK44: =IFERROR(INDEX(Settings!$F:$F, MATCH('PROJECT NAME NOV'!$B44 & "-" & 'PROJECT NAME NOV'!$C44, Settings!$H:$H,0)), "") -> 112.5 | BL44: =IFERROR(INDEX(Settings!$G:$G, MATCH('PROJECT NAME NOV'!$B44 & "-" & 'PROJECT NAME NOV'!$C44, Settings!$H:$H, 0)), "") -> 900 | BM44: =(BI44*BK44)+(BJ44*BK44*1.5) -> 9112.5 | BN44: =BM44*5% -> 455.625 | BO44: =BM44-BN44 -> 8656.875 | BQ44: 8 | BR44: 4 | BS44: 8 | BT44: 4 | BU44: 8 | BV44: 0 | BW44: 8 | BX44: 4 | BY44: 8 | BZ44: 4 | CA44: 8 | CB44: 4 | CC44: 8 | CD44: 3 | CE44: =SUM(BQ44,BS44,BU44,BW44,BY44,CA44,CC44) -> 56 | CF44: =SUM(BR44,BT44,BV44,BX44,BZ44,CB44,CD44) -> 23 | CG44: =IFERROR(INDEX(Settings!$F:$F, MATCH('PROJECT NAME NOV'!$B44 & "-" & 'PROJECT NAME NOV'!$C44, Settings!$H:$H,0)), "") -> 112.5 | CH44: =IFERROR(INDEX(Settings!$G:$G, MATCH('PROJECT NAME NOV'!$B44 & "-" & 'PROJECT NAME NOV'!$C44, Settings!$H:$H, 0)), "") -> 900 | CI44: =(CE44*CG44)+(CF44*CG44*1.5) -> 10181.25 | CJ44: =CI44*5% -> 509.0625 | CK44: =CI44-CJ44 -> 9672.1875 | CM44: 8 | CN44: 4 | CO44: 8 | CS44: =SUM(CM44,CO44,CQ44) -> 16 | CT44: =SUM(CN44,CP44,CR44) -> 4 | CU44: =IFERROR(INDEX(Settings!$F:$F, MATCH('PROJECT NAME NOV'!$B44 & "-" & 'PROJECT NAME NOV'!$C44, Settings!$H:$H,0)), "") -> 112.5 | CV44: =IFERROR(INDEX(Settings!$G:$G, MATCH('PROJECT NAME NOV'!$B44 & "-" & 'PROJECT NAME NOV'!$C44, Settings!$H:$H, 0)), "") -> 900 | CW44: =(CU44*CS44)+(CT44*CU44) -> 2250 | CX44: =CW44*5% -> 112.5 | CY44: =CW44-CX44 -> 2137.5 | DH44: ='Billable Till Date'!B39 & "-" & 'Billable Till Date'!C39 -> -
B45: Rajan | C45: Barbender Helper | E45: Nikhil | R45: =SUM(F45,H45,J45,L45,N45,P45) -> 0 | S45: =SUM(G45,I45,K45,M45,O45,Q45) -> 0 | T45: =IFERROR(INDEX(Settings!$F:$F, MATCH('PROJECT NAME NOV'!$B45 & "-" & 'PROJECT NAME NOV'!$C45, Settings!$H:$H,0)), "") -> 106.25 | U45: =IFERROR(INDEX(Settings!$G:$G, MATCH('PROJECT NAME NOV'!$B45 & "-" & 'PROJECT NAME NOV'!$C45, Settings!$H:$H, 0)), "") -> 850 | V45: =(R45*T45)+(S45*T45*1.5) -> 0 | W45: =V45*5% -> 0 | X45: =V45-W45 -> 0 | AM45: =IFERROR(INDEX(Settings!$F:$F, MATCH('PROJECT NAME NOV'!$B45 & "-" & 'PROJECT NAME NOV'!$C45, Settings!$H:$H,0)), "") -> 106.25 | AN45: =IFERROR(INDEX(Settings!$G:$G, MATCH('PROJECT NAME NOV'!$B45 & "-" & 'PROJECT NAME NOV'!$C45, Settings!$H:$H, 0)), "") -> 850 | AO45: =SUM(Y45,AA45,AC45,AE45,AG45,AI45,AK45) -> 0 | AP45: =SUM(Z45,AB45,AD45,AF45,AH45,AJ45,AL45) -> 0 | AQ45: =(AO45*AM45)+(AP45*AM45) -> 0 | AR45: =AQ45*5% -> 0 | AS45: =AQ45-AR45 -> 0 | AU45: 0 | AV45: 0 | AW45: 8 | AX45: 0 | AY45: 8 | AZ45: 0 | BA45: 8 | BB45: 4 | BC45: 8 | BD45: 6 | BE45: 8 | BF45: 6 | BG45: 8 | BH45: 6 | BI45: =SUM(AU45,AW45,AY45,BA45,BC45,BE45,BG45) -> 48 | BJ45: =SUM(AV45,AX45,AZ45,BB45,BD45,BF45,BH45) -> 22 | BK45: =IFERROR(INDEX(Settings!$F:$F, MATCH('PROJECT NAME NOV'!$B45 & "-" & 'PROJECT NAME NOV'!$C45, Settings!$H:$H,0)), "") -> 106.25 | BL45: =IFERROR(INDEX(Settings!$G:$G, MATCH('PROJECT NAME NOV'!$B45 & "-" & 'PROJECT NAME NOV'!$C45, Settings!$H:$H, 0)), "") -> 850 | BM45: =(BI45*BK45)+(BJ45*BK45*1.5) -> 8606.25 | BN45: =BM45*5% -> 430.3125 | BO45: =BM45-BN45 -> 8175.9375 | BQ45: 8 | BR45: 4 | BS45: 8 | BT45: 4 | BU45: 8 | BV45: 0 | BW45: 8 | BX45: 4 | BY45: 8 | BZ45: 4 | CA45: 8 | CB45: 4 | CC45: 8 | CE45: =SUM(BQ45,BS45,BU45,BW45,BY45,CA45,CC45) -> 56 | CF45: =SUM(BR45,BT45,BV45,BX45,BZ45,CB45,CD45) -> 20 | CG45: =IFERROR(INDEX(Settings!$F:$F, MATCH('PROJECT NAME NOV'!$B45 & "-" & 'PROJECT NAME NOV'!$C45, Settings!$H:$H,0)), "") -> 106.25 | CH45: =IFERROR(INDEX(Settings!$G:$G, MATCH('PROJECT NAME NOV'!$B45 & "-" & 'PROJECT NAME NOV'!$C45, Settings!$H:$H, 0)), "") -> 850 | CI45: =(CE45*CG45)+(CF45*CG45*1.5) -> 9137.5 | CJ45: =CI45*5% -> 456.875 | CK45: =CI45-CJ45 -> 8680.625 | CM45: 8 | CN45: 4 | CO45: 8 | CS45: =SUM(CM45,CO45,CQ45) -> 16 | CT45: =SUM(CN45,CP45,CR45) -> 4 | CU45: =IFERROR(INDEX(Settings!$F:$F, MATCH('PROJECT NAME NOV'!$B45 & "-" & 'PROJECT NAME NOV'!$C45, Settings!$H:$H,0)), "") -> 106.25 | CV45: =IFERROR(INDEX(Settings!$G:$G, MATCH('PROJECT NAME NOV'!$B45 & "-" & 'PROJECT NAME NOV'!$C45, Settings!$H:$H, 0)), "") -> 850 | CW45: =(CU45*CS45)+(CT45*CU45) -> 2125 | CX45: =CW45*5% -> 106.25 | CY45: =CW45-CX45 -> 2018.75 | DH45: ='Billable Till Date'!B40 & "-" & 'Billable Till Date'!C40 -> -
B46: Rajan | C46: Barbender Helper | E46: Sani | R46: =SUM(F46,H46,J46,L46,N46,P46) -> 0 | S46: =SUM(G46,I46,K46,M46,O46,Q46) -> 0 | T46: =IFERROR(INDEX(Settings!$F:$F, MATCH('PROJECT NAME NOV'!$B46 & "-" & 'PROJECT NAME NOV'!$C46, Settings!$H:$H,0)), "") -> 106.25 | U46: =IFERROR(INDEX(Settings!$G:$G, MATCH('PROJECT NAME NOV'!$B46 & "-" & 'PROJECT NAME NOV'!$C46, Settings!$H:$H, 0)), "") -> 850 | V46: =(R46*T46)+(S46*T46*1.5) -> 0 | W46: =V46*5% -> 0 | X46: =V46-W46 -> 0 | AM46: =IFERROR(INDEX(Settings!$F:$F, MATCH('PROJECT NAME NOV'!$B46 & "-" & 'PROJECT NAME NOV'!$C46, Settings!$H:$H,0)), "") -> 106.25 | AN46: =IFERROR(INDEX(Settings!$G:$G, MATCH('PROJECT NAME NOV'!$B46 & "-" & 'PROJECT NAME NOV'!$C46, Settings!$H:$H, 0)), "") -> 850 | AO46: =SUM(Y46,AA46,AC46,AE46,AG46,AI46,AK46) -> 0 | AP46: =SUM(Z46,AB46,AD46,AF46,AH46,AJ46,AL46) -> 0 | AQ46: =(AO46*AM46)+(AP46*AM46) -> 0 | AR46: =AQ46*5% -> 0 | AS46: =AQ46-AR46 -> 0 | AU46: 0 | AV46: 0 | AW46: 8 | AX46: 0 | AY46: 8 | AZ46: 0 | BA46: 8 | BB46: 4 | BC46: 8 | BD46: 6 | BE46: 8 | BF46: 6 | BG46: 8 | BH46: 6 | BI46: =SUM(AU46,AW46,AY46,BA46,BC46,BE46,BG46) -> 48 | BJ46: =SUM(AV46,AX46,AZ46,BB46,BD46,BF46,BH46) -> 22 | BK46: =IFERROR(INDEX(Settings!$F:$F, MATCH('PROJECT NAME NOV'!$B46 & "-" & 'PROJECT NAME NOV'!$C46, Settings!$H:$H,0)), "") -> 106.25 | BL46: =IFERROR(INDEX(Settings!$G:$G, MATCH('PROJECT NAME NOV'!$B46 & "-" & 'PROJECT NAME NOV'!$C46, Settings!$H:$H, 0)), "") -> 850 | BM46: =(BI46*BK46)+(BJ46*BK46*1.5) -> 8606.25 | BN46: =BM46*5% -> 430.3125 | BO46: =BM46-BN46 -> 8175.9375 | BQ46: 8 | BR46: 4 | BS46: 8 | BT46: 4 | BU46: 8 | BV46: 0 | BW46: 8 | BX46: 4 | BY46: 8 | BZ46: 4 | CA46: 8 | CB46: 4 | CC46: 8 | CE46: =SUM(BQ46,BS46,BU46,BW46,BY46,CA46,CC46) -> 56 | CF46: =SUM(BR46,BT46,BV46,BX46,BZ46,CB46,CD46) -> 20 | CG46: =IFERROR(INDEX(Settings!$F:$F, MATCH('PROJECT NAME NOV'!$B46 & "-" & 'PROJECT NAME NOV'!$C46, Settings!$H:$H,0)), "") -> 106.25 | CH46: =IFERROR(INDEX(Settings!$G:$G, MATCH('PROJECT NAME NOV'!$B46 & "-" & 'PROJECT NAME NOV'!$C46, Settings!$H:$H, 0)), "") -> 850 | CI46: =(CE46*CG46)+(CF46*CG46*1.5) -> 9137.5 | CJ46: =CI46*5% -> 456.875 | CK46: =CI46-CJ46 -> 8680.625 | CM46: 8 | CN46: 4 | CO46: 8 | CS46: =SUM(CM46,CO46,CQ46) -> 16 | CT46: =SUM(CN46,CP46,CR46) -> 4 | CU46: =IFERROR(INDEX(Settings!$F:$F, MATCH('PROJECT NAME NOV'!$B46 & "-" & 'PROJECT NAME NOV'!$C46, Settings!$H:$H,0)), "") -> 106.25 | CV46: =IFERROR(INDEX(Settings!$G:$G, MATCH('PROJECT NAME NOV'!$B46 & "-" & 'PROJECT NAME NOV'!$C46, Settings!$H:$H, 0)), "") -> 850 | CW46: =(CU46*CS46)+(CT46*CU46) -> 2125 | CX46: =CW46*5% -> 106.25 | CY46: =CW46-CX46 -> 2018.75 | DH46: ='Billable Till Date'!B41 & "-" & 'Billable Till Date'!C41 -> -
B47: Rajan | C47: Barbender Helper | E47: Badal | R47: =SUM(F47,H47,J47,L47,N47,P47) -> 0 | S47: =SUM(G47,I47,K47,M47,O47,Q47) -> 0 | T47: =IFERROR(INDEX(Settings!$F:$F, MATCH('PROJECT NAME NOV'!$B47 & "-" & 'PROJECT NAME NOV'!$C47, Settings!$H:$H,0)), "") -> 106.25 | U47: =IFERROR(INDEX(Settings!$G:$G, MATCH('PROJECT NAME NOV'!$B47 & "-" & 'PROJECT NAME NOV'!$C47, Settings!$H:$H, 0)), "") -> 850 | V47: =(R47*T47)+(S47*T47*1.5) -> 0 | W47: =V47*5% -> 0 | X47: =V47-W47 -> 0 | AM47: =IFERROR(INDEX(Settings!$F:$F, MATCH('PROJECT NAME NOV'!$B47 & "-" & 'PROJECT NAME NOV'!$C47, Settings!$H:$H,0)), "") -> 106.25 | AN47: =IFERROR(INDEX(Settings!$G:$G, MATCH('PROJECT NAME NOV'!$B47 & "-" & 'PROJECT NAME NOV'!$C47, Settings!$H:$H, 0)), "") -> 850 | AO47: =SUM(Y47,AA47,AC47,AE47,AG47,AI47,AK47) -> 0 | AP47: =SUM(Z47,AB47,AD47,AF47,AH47,AJ47,AL47) -> 0 | AQ47: =(AO47*AM47)+(AP47*AM47) -> 0 | AR47: =AQ47*5% -> 0 | AS47: =AQ47-AR47 -> 0 | AU47: 0 | AV47: 0 | AW47: 8 | AX47: 0 | AY47: 8 | AZ47: 0 | BA47: 8 | BB47: 4 | BC47: 8 | BD47: 6 | BE47: 8 | BF47: 6 | BG47: 8 | BH47: 6 | BI47: =SUM(AU47,AW47,AY47,BA47,BC47,BE47,BG47) -> 48 | BJ47: =SUM(AV47,AX47,AZ47,BB47,BD47,BF47,BH47) -> 22 | BK47: =IFERROR(INDEX(Settings!$F:$F, MATCH('PROJECT NAME NOV'!$B47 & "-" & 'PROJECT NAME NOV'!$C47, Settings!$H:$H,0)), "") -> 106.25 | BL47: =IFERROR(INDEX(Settings!$G:$G, MATCH('PROJECT NAME NOV'!$B47 & "-" & 'PROJECT NAME NOV'!$C47, Settings!$H:$H, 0)), "") -> 850 | BM47: =(BI47*BK47)+(BJ47*BK47*1.5) -> 8606.25 | BN47: =BM47*5% -> 430.3125 | BO47: =BM47-BN47 -> 8175.9375 | BQ47: 8 | BR47: 4 | BS47: 8 | BT47: 4 | BU47: 8 | BV47: 0 | BW47: 8 | BX47: 4 | BY47: 8 | BZ47: 4 | CA47: 8 | CB47: 4 | CC47: 8 | CE47: =SUM(BQ47,BS47,BU47,BW47,BY47,CA47,CC47) -> 56 | CF47: =SUM(BR47,BT47,BV47,BX47,BZ47,CB47,CD47) -> 20 | CG47: =IFERROR(INDEX(Settings!$F:$F, MATCH('PROJECT NAME NOV'!$B47 & "-" & 'PROJECT NAME NOV'!$C47, Settings!$H:$H,0)), "") -> 106.25 | CH47: =IFERROR(INDEX(Settings!$G:$G, MATCH('PROJECT NAME NOV'!$B47 & "-" & 'PROJECT NAME NOV'!$C47, Settings!$H:$H, 0)), "") -> 850 | CI47: =(CE47*CG47)+(CF47*CG47*1.5) -> 9137.5 | CJ47: =CI47*5% -> 456.875 | CK47: =CI47-CJ47 -> 8680.625 | CM47: 8 | CN47: 4 | CO47: 8 | CS47: =SUM(CM47,CO47,CQ47) -> 16 | CT47: =SUM(CN47,CP47,CR47) -> 4 | CU47: =IFERROR(INDEX(Settings!$F:$F, MATCH('PROJECT NAME NOV'!$B47 & "-" & 'PROJECT NAME NOV'!$C47, Settings!$H:$H,0)), "") -> 106.25 | CV47: =IFERROR(INDEX(Settings!$G:$G, MATCH('PROJECT NAME NOV'!$B47 & "-" & 'PROJECT NAME NOV'!$C47, Settings!$H:$H, 0)), "") -> 850 | CW47: =(CU47*CS47)+(CT47*CU47) -> 2125 | CX47: =CW47*5% -> 106.25 | CY47: =CW47-CX47 -> 2018.75 | DH47: ='Billable Till Date'!B42 & "-" & 'Billable Till Date'!C42 -> -
B48: Rajan | C48: Barbender Helper | E48: Tasan (Julan) | R48: =SUM(F48,H48,J48,L48,N48,P48) -> 0 | S48: =SUM(G48,I48,K48,M48,O48,Q48) -> 0 | T48: =IFERROR(INDEX(Settings!$F:$F, MATCH('PROJECT NAME NOV'!$B48 & "-" & 'PROJECT NAME NOV'!$C48, Settings!$H:$H,0)), "") -> 106.25 | U48: =IFERROR(INDEX(Settings!$G:$G, MATCH('PROJECT NAME NOV'!$B48 & "-" & 'PROJECT NAME NOV'!$C48, Settings!$H:$H, 0)), "") -> 850 | V48: =(R48*T48)+(S48*T48*1.5) -> 0 | W48: =V48*5% -> 0 | X48: =V48-W48 -> 0 | AM48: =IFERROR(INDEX(Settings!$F:$F, MATCH('PROJECT NAME NOV'!$B48 & "-" & 'PROJECT NAME NOV'!$C48, Settings!$H:$H,0)), "") -> 106.25 | AN48: =IFERROR(INDEX(Settings!$G:$G, MATCH('PROJECT NAME NOV'!$B48 & "-" & 'PROJECT NAME NOV'!$C48, Settings!$H:$H, 0)), "") -> 850 | AO48: =SUM(Y48,AA48,AC48,AE48,AG48,AI48,AK48) -> 0 | AP48: =SUM(Z48,AB48,AD48,AF48,AH48,AJ48,AL48) -> 0 | AQ48: =(AO48*AM48)+(AP48*AM48) -> 0 | AR48: =AQ48*5% -> 0 | AS48: =AQ48-AR48 -> 0 | AU48: 0 | AV48: 0 | AW48: 8 | AX48: 0 | AY48: 8 | AZ48: 0 | BA48: 8 | BB48: 0 | BC48: 8 | BD48: 6 | BE48: 8 | BF48: 6 | BG48: 8 | BH48: 6 | BI48: =SUM(AU48,AW48,AY48,BA48,BC48,BE48,BG48) -> 48 | BJ48: =SUM(AV48,AX48,AZ48,BB48,BD48,BF48,BH48) -> 18 | BK48: =IFERROR(INDEX(Settings!$F:$F, MATCH('PROJECT NAME NOV'!$B48 & "-" & 'PROJECT NAME NOV'!$C48, Settings!$H:$H,0)), "") -> 106.25 | BL48: =IFERROR(INDEX(Settings!$G:$G, MATCH('PROJECT NAME NOV'!$B48 & "-" & 'PROJECT NAME NOV'!$C48, Settings!$H:$H, 0)), "") -> 850 | BM48: =(BI48*BK48)+(BJ48*BK48*1.5) -> 7968.75 | BN48: =BM48*5% -> 398.4375 | BO48: =BM48-BN48 -> 7570.3125 | BQ48: 8 | BR48: 4 | BS48: 8 | BT48: 4 | BU48: 8 | BV48: 0 | BW48: 8 | BX48: 4 | BY48: 8 | BZ48: 4 | CA48: 8 | CB48: 4 | CC48: 8 | CE48: =SUM(BQ48,BS48,BU48,BW48,BY48,CA48,CC48) -> 56 | CF48: =SUM(BR48,BT48,BV48,BX48,BZ48,CB48,CD48) -> 20 | CG48: =IFERROR(INDEX(Settings!$F:$F, MATCH('PROJECT NAME NOV'!$B48 & "-" & 'PROJECT NAME NOV'!$C48, Settings!$H:$H,0)), "") -> 106.25 | CH48: =IFERROR(INDEX(Settings!$G:$G, MATCH('PROJECT NAME NOV'!$B48 & "-" & 'PROJECT NAME NOV'!$C48, Settings!$H:$H, 0)), "") -> 850 | CI48: =(CE48*CG48)+(CF48*CG48*1.5) -> 9137.5 | CJ48: =CI48*5% -> 456.875 | CK48: =CI48-CJ48 -> 8680.625 | CM48: 8 | CN48: 4 | CO48: 8 | CS48: =SUM(CM48,CO48,CQ48) -> 16 | CT48: =SUM(CN48,CP48,CR48) -> 4 | CU48: =IFERROR(INDEX(Settings!$F:$F, MATCH('PROJECT NAME NOV'!$B48 & "-" & 'PROJECT NAME NOV'!$C48, Settings!$H:$H,0)), "") -> 106.25 | CV48: =IFERROR(INDEX(Settings!$G:$G, MATCH('PROJECT NAME NOV'!$B48 & "-" & 'PROJECT NAME NOV'!$C48, Settings!$H:$H, 0)), "") -> 850 | CW48: =(CU48*CS48)+(CT48*CU48) -> 2125 | CX48: =CW48*5% -> 106.25 | CY48: =CW48-CX48 -> 2018.75 | DH48: ='Billable Till Date'!B43 & "-" & 'Billable Till Date'!C43 -> -
B49: Rajan | C49: Barbender Helper | E49: Subash | R49: =SUM(F49,H49,J49,L49,N49,P49) -> 0 | S49: =SUM(G49,I49,K49,M49,O49,Q49) -> 0 | T49: =IFERROR(INDEX(Settings!$F:$F, MATCH('PROJECT NAME NOV'!$B49 & "-" & 'PROJECT NAME NOV'!$C49, Settings!$H:$H,0)), "") -> 106.25 | U49: =IFERROR(INDEX(Settings!$G:$G, MATCH('PROJECT NAME NOV'!$B49 & "-" & 'PROJECT NAME NOV'!$C49, Settings!$H:$H, 0)), "") -> 850 | V49: =(R49*T49)+(S49*T49*1.5) -> 0 | W49: =V49*5% -> 0 | X49: =V49-W49 -> 0 | AM49: =IFERROR(INDEX(Settings!$F:$F, MATCH('PROJECT NAME NOV'!$B49 & "-" & 'PROJECT NAME NOV'!$C49, Settings!$H:$H,0)), "") -> 106.25 | AN49: =IFERROR(INDEX(Settings!$G:$G, MATCH('PROJECT NAME NOV'!$B49 & "-" & 'PROJECT NAME NOV'!$C49, Settings!$H:$H, 0)), "") -> 850 | AO49: =SUM(Y49,AA49,AC49,AE49,AG49,AI49,AK49) -> 0 | AP49: =SUM(Z49,AB49,AD49,AF49,AH49,AJ49,AL49) -> 0 | AQ49: =(AO49*AM49)+(AP49*AM49) -> 0 | AR49: =AQ49*5% -> 0 | AS49: =AQ49-AR49 -> 0 | AU49: 0 | AV49: 0 | AW49: 8 | AX49: 0 | AY49: 8 | AZ49: 0 | BA49: 8 | BB49: 4 | BC49: 8 | BD49: 0 | BE49: 8 | BF49: 6 | BG49: 8 | BH49: 6 | BI49: =SUM(AU49,AW49,AY49,BA49,BC49,BE49,BG49) -> 48 | BJ49: =SUM(AV49,AX49,AZ49,BB49,BD49,BF49,BH49) -> 16 | BK49: =IFERROR(INDEX(Settings!$F:$F, MATCH('PROJECT NAME NOV'!$B49 & "-" & 'PROJECT NAME NOV'!$C49, Settings!$H:$H,0)), "") -> 106.25 | BL49: =IFERROR(INDEX(Settings!$G:$G, MATCH('PROJECT NAME NOV'!$B49 & "-" & 'PROJECT NAME NOV'!$C49, Settings!$H:$H, 0)), "") -> 850 | BM49: =(BI49*BK49)+(BJ49*BK49*1.5) -> 7650 | BN49: =BM49*5% -> 382.5 | BO49: =BM49-BN49 -> 7267.5 | BQ49: 8 | BR49: 4 | BS49: 8 | BT49: 4 | BU49: 8 | BV49: 0 | BW49: 8 | BX49: 4 | BY49: 8 | BZ49: 4 | CA49: 8 | CB49: 4 | CC49: 8 | CE49: =SUM(BQ49,BS49,BU49,BW49,BY49,CA49,CC49) -> 56 | CF49: =SUM(BR49,BT49,BV49,BX49,BZ49,CB49,CD49) -> 20 | CG49: =IFERROR(INDEX(Settings!$F:$F, MATCH('PROJECT NAME NOV'!$B49 & "-" & 'PROJECT NAME NOV'!$C49, Settings!$H:$H,0)), "") -> 106.25 | CH49: =IFERROR(INDEX(Settings!$G:$G, MATCH('PROJECT NAME NOV'!$B49 & "-" & 'PROJECT NAME NOV'!$C49, Settings!$H:$H, 0)), "") -> 850 | CI49: =(CE49*CG49)+(CF49*CG49*1.5) -> 9137.5 | CJ49: =CI49*5% -> 456.875 | CK49: =CI49-CJ49 -> 8680.625 | CM49: 8 | CN49: 4 | CO49: 8 | CS49: =SUM(CM49,CO49,CQ49) -> 16 | CT49: =SUM(CN49,CP49,CR49) -> 4 | CU49: =IFERROR(INDEX(Settings!$F:$F, MATCH('PROJECT NAME NOV'!$B49 & "-" & 'PROJECT NAME NOV'!$C49, Settings!$H:$H,0)), "") -> 106.25 | CV49: =IFERROR(INDEX(Settings!$G:$G, MATCH('PROJECT NAME NOV'!$B49 & "-" & 'PROJECT NAME NOV'!$C49, Settings!$H:$H, 0)), "") -> 850 | CW49: =(CU49*CS49)+(CT49*CU49) -> 2125 | CX49: =CW49*5% -> 106.25 | CY49: =CW49-CX49 -> 2018.75 | DH49: ='Billable Till Date'!B44 & "-" & 'Billable Till Date'!C44 -> -
B50: Rajan | C50: Barbender Helper | E50: Hari | R50: =SUM(F50,H50,J50,L50,N50,P50) -> 0 | S50: =SUM(G50,I50,K50,M50,O50,Q50) -> 0 | T50: =IFERROR(INDEX(Settings!$F:$F, MATCH('PROJECT NAME NOV'!$B50 & "-" & 'PROJECT NAME NOV'!$C50, Settings!$H:$H,0)), "") -> 106.25 | U50: =IFERROR(INDEX(Settings!$G:$G, MATCH('PROJECT NAME NOV'!$B50 & "-" & 'PROJECT NAME NOV'!$C50, Settings!$H:$H, 0)), "") -> 850 | V50: =(R50*T50)+(S50*T50*1.5) -> 0 | W50: =V50*5% -> 0 | X50: =V50-W50 -> 0 | AM50: =IFERROR(INDEX(Settings!$F:$F, MATCH('PROJECT NAME NOV'!$B50 & "-" & 'PROJECT NAME NOV'!$C50, Settings!$H:$H,0)), "") -> 106.25 | AN50: =IFERROR(INDEX(Settings!$G:$G, MATCH('PROJECT NAME NOV'!$B50 & "-" & 'PROJECT NAME NOV'!$C50, Settings!$H:$H, 0)), "") -> 850 | AO50: =SUM(Y50,AA50,AC50,AE50,AG50,AI50,AK50) -> 0 | AP50: =SUM(Z50,AB50,AD50,AF50,AH50,AJ50,AL50) -> 0 | AQ50: =(AO50*AM50)+(AP50*AM50) -> 0 | AR50: =AQ50*5% -> 0 | AS50: =AQ50-AR50 -> 0 | AU50: 0 | AV50: 0 | AW50: 8 | AX50: 0 | AY50: 8 | AZ50: 0 | BA50: 8 | BB50: 4 | BC50: 8 | BD50: 6 | BE50: 8 | BF50: 6 | BG50: 8 | BH50: 6 | BI50: =SUM(AU50,AW50,AY50,BA50,BC50,BE50,BG50) -> 48 | BJ50: =SUM(AV50,AX50,AZ50,BB50,BD50,BF50,BH50) -> 22 | BK50: =IFERROR(INDEX(Settings!$F:$F, MATCH('PROJECT NAME NOV'!$B50 & "-" & 'PROJECT NAME NOV'!$C50, Settings!$H:$H,0)), "") -> 106.25 | BL50: =IFERROR(INDEX(Settings!$G:$G, MATCH('PROJECT NAME NOV'!$B50 & "-" & 'PROJECT NAME NOV'!$C50, Settings!$H:$H, 0)), "") -> 850 | BM50: =(BI50*BK50)+(BJ50*BK50*1.5) -> 8606.25 | BN50: =BM50*5% -> 430.3125 | BO50: =BM50-BN50 -> 8175.9375 | BQ50: 8 | BR50: 4 | BS50: 8 | BT50: 4 | BU50: 8 | BV50: 0 | BW50: 8 | BX50: 4 | BY50: 8 | BZ50: 4 | CA50: 8 | CB50: 4 | CC50: 8 | CE50: =SUM(BQ50,BS50,BU50,BW50,BY50,CA50,CC50) -> 56 | CF50: =SUM(BR50,BT50,BV50,BX50,BZ50,CB50,CD50) -> 20 | CG50: =IFERROR(INDEX(Settings!$F:$F, MATCH('PROJECT NAME NOV'!$B50 & "-" & 'PROJECT NAME NOV'!$C50, Settings!$H:$H,0)), "") -> 106.25 | CH50: =IFERROR(INDEX(Settings!$G:$G, MATCH('PROJECT NAME NOV'!$B50 & "-" & 'PROJECT NAME NOV'!$C50, Settings!$H:$H, 0)), "") -> 850 | CI50: =(CE50*CG50)+(CF50*CG50*1.5) -> 9137.5 | CJ50: =CI50*5% -> 456.875 | CK50: =CI50-CJ50 -> 8680.625 | CM50: 8 | CN50: 4 | CO50: 8 | CS50: =SUM(CM50,CO50,CQ50) -> 16 | CT50: =SUM(CN50,CP50,CR50) -> 4 | CU50: =IFERROR(INDEX(Settings!$F:$F, MATCH('PROJECT NAME NOV'!$B50 & "-" & 'PROJECT NAME NOV'!$C50, Settings!$H:$H,0)), "") -> 106.25 | CV50: =IFERROR(INDEX(Settings!$G:$G, MATCH('PROJECT NAME NOV'!$B50 & "-" & 'PROJECT NAME NOV'!$C50, Settings!$H:$H, 0)), "") -> 850 | CW50: =(CU50*CS50)+(CT50*CU50) -> 2125 | CX50: =CW50*5% -> 106.25 | CY50: =CW50-CX50 -> 2018.75 | DH50: ='Billable Till Date'!B45 & "-" & 'Billable Till Date'!C45 -> -
B51: Rajan | C51: Barbender Helper | E51: Krishna | R51: =SUM(F51,H51,J51,L51,N51,P51) -> 0 | S51: =SUM(G51,I51,K51,M51,O51,Q51) -> 0 | T51: =IFERROR(INDEX(Settings!$F:$F, MATCH('PROJECT NAME NOV'!$B51 & "-" & 'PROJECT NAME NOV'!$C51, Settings!$H:$H,0)), "") -> 106.25 | U51: =IFERROR(INDEX(Settings!$G:$G, MATCH('PROJECT NAME NOV'!$B51 & "-" & 'PROJECT NAME NOV'!$C51, Settings!$H:$H, 0)), "") -> 850 | V51: =(R51*T51)+(S51*T51*1.5) -> 0 | W51: =V51*5% -> 0 | X51: =V51-W51 -> 0 | AM51: =IFERROR(INDEX(Settings!$F:$F, MATCH('PROJECT NAME NOV'!$B51 & "-" & 'PROJECT NAME NOV'!$C51, Settings!$H:$H,0)), "") -> 106.25 | AN51: =IFERROR(INDEX(Settings!$G:$G, MATCH('PROJECT NAME NOV'!$B51 & "-" & 'PROJECT NAME NOV'!$C51, Settings!$H:$H, 0)), "") -> 850 | AO51: =SUM(Y51,AA51,AC51,AE51,AG51,AI51,AK51) -> 0 | AP51: =SUM(Z51,AB51,AD51,AF51,AH51,AJ51,AL51) -> 0 | AQ51: =(AO51*AM51)+(AP51*AM51) -> 0 | AR51: =AQ51*5% -> 0 | AS51: =AQ51-AR51 -> 0 | AU51: 0 | AV51: 0 | AW51: 8 | AX51: 0 | AY51: 8 | AZ51: 0 | BA51: 8 | BB51: 4 | BC51: 8 | BD51: 6 | BE51: 8 | BF51: 6 | BG51: 8 | BH51: 6 | BI51: =SUM(AU51,AW51,AY51,BA51,BC51,BE51,BG51) -> 48 | BJ51: =SUM(AV51,AX51,AZ51,BB51,BD51,BF51,BH51) -> 22 | BK51: =IFERROR(INDEX(Settings!$F:$F, MATCH('PROJECT NAME NOV'!$B51 & "-" & 'PROJECT NAME NOV'!$C51, Settings!$H:$H,0)), "") -> 106.25 | BL51: =IFERROR(INDEX(Settings!$G:$G, MATCH('PROJECT NAME NOV'!$B51 & "-" & 'PROJECT NAME NOV'!$C51, Settings!$H:$H, 0)), "") -> 850 | BM51: =(BI51*BK51)+(BJ51*BK51*1.5) -> 8606.25 | BN51: =BM51*5% -> 430.3125 | BO51: =BM51-BN51 -> 8175.9375 | BQ51: 8 | BR51: 4 | BS51: 8 | BT51: 4 | BU51: 8 | BV51: 0 | BW51: 8 | BX51: 4 | BY51: 8 | BZ51: 4 | CA51: 8 | CB51: 4 | CC51: 8 | CE51: =SUM(BQ51,BS51,BU51,BW51,BY51,CA51,CC51) -> 56 | CF51: =SUM(BR51,BT51,BV51,BX51,BZ51,CB51,CD51) -> 20 | CG51: =IFERROR(INDEX(Settings!$F:$F, MATCH('PROJECT NAME NOV'!$B51 & "-" & 'PROJECT NAME NOV'!$C51, Settings!$H:$H,0)), "") -> 106.25 | CH51: =IFERROR(INDEX(Settings!$G:$G, MATCH('PROJECT NAME NOV'!$B51 & "-" & 'PROJECT NAME NOV'!$C51, Settings!$H:$H, 0)), "") -> 850 | CI51: =(CE51*CG51)+(CF51*CG51*1.5) -> 9137.5 | CJ51: =CI51*5% -> 456.875 | CK51: =CI51-CJ51 -> 8680.625 | CM51: 8 | CN51: 4 | CO51: 0 | CS51: =SUM(CM51,CO51,CQ51) -> 8 | CT51: =SUM(CN51,CP51,CR51) -> 4 | CU51: =IFERROR(INDEX(Settings!$F:$F, MATCH('PROJECT NAME NOV'!$B51 & "-" & 'PROJECT NAME NOV'!$C51, Settings!$H:$H,0)), "") -> 106.25 | CV51: =IFERROR(INDEX(Settings!$G:$G, MATCH('PROJECT NAME NOV'!$B51 & "-" & 'PROJECT NAME NOV'!$C51, Settings!$H:$H, 0)), "") -> 850 | CW51: =(CU51*CS51)+(CT51*CU51) -> 1275 | CX51: =CW51*5% -> 63.75 | CY51: =CW51-CX51 -> 1211.25 | DH51: ='Billable Till Date'!B46 & "-" & 'Billable Till Date'!C46 -> -
B52: Rajan | C52: Barbender Helper | E52: Pintu | R52: =SUM(F52,H52,J52,L52,N52,P52) -> 0 | S52: =SUM(G52,I52,K52,M52,O52,Q52) -> 0 | T52: =IFERROR(INDEX(Settings!$F:$F, MATCH('PROJECT NAME NOV'!$B52 & "-" & 'PROJECT NAME NOV'!$C52, Settings!$H:$H,0)), "") -> 106.25 | U52: =IFERROR(INDEX(Settings!$G:$G, MATCH('PROJECT NAME NOV'!$B52 & "-" & 'PROJECT NAME NOV'!$C52, Settings!$H:$H, 0)), "") -> 850 | V52: =(R52*T52)+(S52*T52*1.5) -> 0 | W52: =V52*5% -> 0 | X52: =V52-W52 -> 0 | AM52: =IFERROR(INDEX(Settings!$F:$F, MATCH('PROJECT NAME NOV'!$B52 & "-" & 'PROJECT NAME NOV'!$C52, Settings!$H:$H,0)), "") -> 106.25 | AN52: =IFERROR(INDEX(Settings!$G:$G, MATCH('PROJECT NAME NOV'!$B52 & "-" & 'PROJECT NAME NOV'!$C52, Settings!$H:$H, 0)), "") -> 850 | AO52: =SUM(Y52,AA52,AC52,AE52,AG52,AI52,AK52) -> 0 | AP52: =SUM(Z52,AB52,AD52,AF52,AH52,AJ52,AL52) -> 0 | AQ52: =(AO52*AM52)+(AP52*AM52) -> 0 | AR52: =AQ52*5% -> 0 | AS52: =AQ52-AR52 -> 0 | AU52: 0 | AV52: 0 | AW52: 8 | AX52: 0 | AY52: 8 | AZ52: 0 | BA52: 8 | BB52: 0 | BC52: 8 | BD52: 0 | BE52: 8 | BF52: 0 | BG52: 8 | BH52: 6 | BI52: =SUM(AU52,AW52,AY52,BA52,BC52,BE52,BG52) -> 48 | BJ52: =SUM(AV52,AX52,AZ52,BB52,BD52,BF52,BH52) -> 6 | BK52: =IFERROR(INDEX(Settings!$F:$F, MATCH('PROJECT NAME NOV'!$B52 & "-" & 'PROJECT NAME NOV'!$C52, Settings!$H:$H,0)), "") -> 106.25 | BL52: =IFERROR(INDEX(Settings!$G:$G, MATCH('PROJECT NAME NOV'!$B52 & "-" & 'PROJECT NAME NOV'!$C52, Settings!$H:$H, 0)), "") -> 850 | BM52: =(BI52*BK52)+(BJ52*BK52*1.5) -> 6056.25 | BN52: =BM52*5% -> 302.8125 | BO52: =BM52-BN52 -> 5753.4375 | BQ52: 8 | BR52: 4 | BS52: 8 | BT52: 4 | BU52: 8 | BV52: 0 | BW52: 8 | BX52: 4 | BY52: 8 | BZ52: 4 | CA52: 8 | CB52: 4 | CC52: 8 | CE52: =SUM(BQ52,BS52,BU52,BW52,BY52,CA52,CC52) -> 56 | CF52: =SUM(BR52,BT52,BV52,BX52,BZ52,CB52,CD52) -> 20 | CG52: =IFERROR(INDEX(Settings!$F:$F, MATCH('PROJECT NAME NOV'!$B52 & "-" & 'PROJECT NAME NOV'!$C52, Settings!$H:$H,0)), "") -> 106.25 | CH52: =IFERROR(INDEX(Settings!$G:$G, MATCH('PROJECT NAME NOV'!$B52 & "-" & 'PROJECT NAME NOV'!$C52, Settings!$H:$H, 0)), "") -> 850 | CI52: =(CE52*CG52)+(CF52*CG52*1.5) -> 9137.5 | CJ52: =CI52*5% -> 456.875 | CK52: =CI52-CJ52 -> 8680.625 | CM52: 8 | CN52: 4 | CO52: 0 | CS52: =SUM(CM52,CO52,CQ52) -> 8 | CT52: =SUM(CN52,CP52,CR52) -> 4 | CU52: =IFERROR(INDEX(Settings!$F:$F, MATCH('PROJECT NAME NOV'!$B52 & "-" & 'PROJECT NAME NOV'!$C52, Settings!$H:$H,0)), "") -> 106.25 | CV52: =IFERROR(INDEX(Settings!$G:$G, MATCH('PROJECT NAME NOV'!$B52 & "-" & 'PROJECT NAME NOV'!$C52, Settings!$H:$H, 0)), "") -> 850 | CW52: =(CU52*CS52)+(CT52*CU52) -> 1275 | CX52: =CW52*5% -> 63.75 | CY52: =CW52-CX52 -> 1211.25 | DH52: ='Billable Till Date'!B47 & "-" & 'Billable Till Date'!C47 -> -
B53: Rajan | C53: Barbender Helper | E53: Anil | R53: =SUM(F53,H53,J53,L53,N53,P53) -> 0 | S53: =SUM(G53,I53,K53,M53,O53,Q53) -> 0 | T53: =IFERROR(INDEX(Settings!$F:$F, MATCH('PROJECT NAME NOV'!$B53 & "-" & 'PROJECT NAME NOV'!$C53, Settings!$H:$H,0)), "") -> 106.25 | U53: =IFERROR(INDEX(Settings!$G:$G, MATCH('PROJECT NAME NOV'!$B53 & "-" & 'PROJECT NAME NOV'!$C53, Settings!$H:$H, 0)), "") -> 850 | V53: =(R53*T53)+(S53*T53*1.5) -> 0 | W53: =V53*5% -> 0 | X53: =V53-W53 -> 0 | AM53: =IFERROR(INDEX(Settings!$F:$F, MATCH('PROJECT NAME NOV'!$B53 & "-" & 'PROJECT NAME NOV'!$C53, Settings!$H:$H,0)), "") -> 106.25 | AN53: =IFERROR(INDEX(Settings!$G:$G, MATCH('PROJECT NAME NOV'!$B53 & "-" & 'PROJECT NAME NOV'!$C53, Settings!$H:$H, 0)), "") -> 850 | AO53: =SUM(Y53,AA53,AC53,AE53,AG53,AI53,AK53) -> 0 | AP53: =SUM(Z53,AB53,AD53,AF53,AH53,AJ53,AL53) -> 0 | AQ53: =(AO53*AM53)+(AP53*AM53) -> 0 | AR53: =AQ53*5% -> 0 | AS53: =AQ53-AR53 -> 0 | AU53: 0 | AV53: 0 | AW53: 8 | AX53: 0 | AY53: 8 | AZ53: 0 | BA53: 8 | BB53: 4 | BC53: 8 | BD53: 6 | BE53: 8 | BF53: 6 | BG53: 8 | BH53: 6 | BI53: =SUM(AU53,AW53,AY53,BA53,BC53,BE53,BG53) -> 48 | BJ53: =SUM(AV53,AX53,AZ53,BB53,BD53,BF53,BH53) -> 22 | BK53: =IFERROR(INDEX(Settings!$F:$F, MATCH('PROJECT NAME NOV'!$B53 & "-" & 'PROJECT NAME NOV'!$C53, Settings!$H:$H,0)), "") -> 106.25 | BL53: =IFERROR(INDEX(Settings!$G:$G, MATCH('PROJECT NAME NOV'!$B53 & "-" & 'PROJECT NAME NOV'!$C53, Settings!$H:$H, 0)), "") -> 850 | BM53: =(BI53*BK53)+(BJ53*BK53*1.5) -> 8606.25 | BN53: =BM53*5% -> 430.3125 | BO53: =BM53-BN53 -> 8175.9375 | BQ53: 8 | BR53: 4 | BS53: 8 | BT53: 4 | BU53: 8 | BV53: 0 | BW53: 8 | BX53: 4 | BY53: 8 | BZ53: 4 | CA53: 8 | CB53: 4 | CC53: 8 | CE53: =SUM(BQ53,BS53,BU53,BW53,BY53,CA53,CC53) -> 56 | CF53: =SUM(BR53,BT53,BV53,BX53,BZ53,CB53,CD53) -> 20 | CG53: =IFERROR(INDEX(Settings!$F:$F, MATCH('PROJECT NAME NOV'!$B53 & "-" & 'PROJECT NAME NOV'!$C53, Settings!$H:$H,0)), "") -> 106.25 | CH53: =IFERROR(INDEX(Settings!$G:$G, MATCH('PROJECT NAME NOV'!$B53 & "-" & 'PROJECT NAME NOV'!$C53, Settings!$H:$H, 0)), "") -> 850 | CI53: =(CE53*CG53)+(CF53*CG53*1.5) -> 9137.5 | CJ53: =CI53*5% -> 456.875 | CK53: =CI53-CJ53 -> 8680.625 | CM53: 8 | CN53: 4 | CO53: 0 | CS53: =SUM(CM53,CO53,CQ53) -> 8 | CT53: =SUM(CN53,CP53,CR53) -> 4 | CU53: =IFERROR(INDEX(Settings!$F:$F, MATCH('PROJECT NAME NOV'!$B53 & "-" & 'PROJECT NAME NOV'!$C53, Settings!$H:$H,0)), "") -> 106.25 | CV53: =IFERROR(INDEX(Settings!$G:$G, MATCH('PROJECT NAME NOV'!$B53 & "-" & 'PROJECT NAME NOV'!$C53, Settings!$H:$H, 0)), "") -> 850 | CW53: =(CU53*CS53)+(CT53*CU53) -> 1275 | CX53: =CW53*5% -> 63.75 | CY53: =CW53-CX53 -> 1211.25
B54: Rajan | C54: Barbender Helper | E54: Sikar (Cook) | R54: =SUM(F54,H54,J54,L54,N54,P54) -> 0 | S54: =SUM(G54,I54,K54,M54,O54,Q54) -> 0 | T54: =IFERROR(INDEX(Settings!$F:$F, MATCH('PROJECT NAME NOV'!$B54 & "-" & 'PROJECT NAME NOV'!$C54, Settings!$H:$H,0)), "") -> 106.25 | U54: =IFERROR(INDEX(Settings!$G:$G, MATCH('PROJECT NAME NOV'!$B54 & "-" & 'PROJECT NAME NOV'!$C54, Settings!$H:$H, 0)), "") -> 850 | V54: =(R54*T54)+(S54*T54*1.5) -> 0 | W54: =V54*5% -> 0 | X54: =V54-W54 -> 0 | AM54: =IFERROR(INDEX(Settings!$F:$F, MATCH('PROJECT NAME NOV'!$B54 & "-" & 'PROJECT NAME NOV'!$C54, Settings!$H:$H,0)), "") -> 106.25 | AN54: =IFERROR(INDEX(Settings!$G:$G, MATCH('PROJECT NAME NOV'!$B54 & "-" & 'PROJECT NAME NOV'!$C54, Settings!$H:$H, 0)), "") -> 850 | AO54: =SUM(Y54,AA54,AC54,AE54,AG54,AI54,AK54) -> 0 | AP54: =SUM(Z54,AB54,AD54,AF54,AH54,AJ54,AL54) -> 0 | AQ54: =(AO54*AM54)+(AP54*AM54) -> 0 | AR54: =AQ54*5% -> 0 | AS54: =AQ54-AR54 -> 0 | AU54: 0 | AV54: 0 | AW54: 8 | AX54: 0 | AY54: 8 | AZ54: 0 | BA54: 8 | BB54: 4 | BC54: 8 | BD54: 6 | BE54: 8 | BF54: 6 | BG54: 8 | BH54: 0 | BI54: =SUM(AU54,AW54,AY54,BA54,BC54,BE54,BG54) -> 48 | BJ54: =SUM(AV54,AX54,AZ54,BB54,BD54,BF54,BH54) -> 16 | BK54: =IFERROR(INDEX(Settings!$F:$F, MATCH('PROJECT NAME NOV'!$B54 & "-" & 'PROJECT NAME NOV'!$C54, Settings!$H:$H,0)), "") -> 106.25 | BL54: =IFERROR(INDEX(Settings!$G:$G, MATCH('PROJECT NAME NOV'!$B54 & "-" & 'PROJECT NAME NOV'!$C54, Settings!$H:$H, 0)), "") -> 850 | BM54: =(BI54*BK54)+(BJ54*BK54*1.5) -> 7650 | BN54: =BM54*5% -> 382.5 | BO54: =BM54-BN54 -> 7267.5 | BQ54: 8 | BR54: 0 | BS54: 8 | BT54: 0 | BU54: 8 | BV54: 0 | BW54: 8 | BX54: 0 | BY54: 8 | BZ54: 0 | CA54: 8 | CB54: 0 | CC54: 8 | CD54: 0 | CE54: =SUM(BQ54,BS54,BU54,BW54,BY54,CA54,CC54) -> 56 | CF54: =SUM(BR54,BT54,BV54,BX54,BZ54,CB54,CD54) -> 0 | CG54: =IFERROR(INDEX(Settings!$F:$F, MATCH('PROJECT NAME NOV'!$B54 & "-" & 'PROJECT NAME NOV'!$C54, Settings!$H:$H,0)), "") -> 106.25 | CH54: =IFERROR(INDEX(Settings!$G:$G, MATCH('PROJECT NAME NOV'!$B54 & "-" & 'PROJECT NAME NOV'!$C54, Settings!$H:$H, 0)), "") -> 850 | CI54: =(CE54*CG54)+(CF54*CG54*1.5) -> 5950 | CJ54: =CI54*5% -> 297.5 | CK54: =CI54-CJ54 -> 5652.5 | CM54: 8 | CN54: 0 | CO54: 0 | CP54: 0 | CR54: 0 | CS54: =SUM(CM54,CO54,CQ54) -> 8 | CT54: =SUM(CN54,CP54,CR54) -> 0 | CU54: =IFERROR(INDEX(Settings!$F:$F, MATCH('PROJECT NAME NOV'!$B54 & "-" & 'PROJECT NAME NOV'!$C54, Settings!$H:$H,0)), "") -> 106.25 | CV54: =IFERROR(INDEX(Settings!$G:$G, MATCH('PROJECT NAME NOV'!$B54 & "-" & 'PROJECT NAME NOV'!$C54, Settings!$H:$H, 0)), "") -> 850 | CW54: =(CU54*CS54)+(CT54*CU54) -> 850 | CX54: =CW54*5% -> 42.5 | CY54: =CW54-CX54 -> 807.5
B55: Rajan | C55: Barbender Helper | E55: Jitendhar | BI55: =SUM(AU55,AW55,AY55,BA55,BC55,BE55,BG55) -> 0 | BJ55: =SUM(AV55,AX55,AZ55,BB55,BD55,BF55,BH55) -> 0 | BK55: =IFERROR(INDEX(Settings!$F:$F, MATCH('PROJECT NAME NOV'!$B55 & "-" & 'PROJECT NAME NOV'!$C55, Settings!$H:$H,0)), "") -> 106.25 | BL55: =IFERROR(INDEX(Settings!$G:$G, MATCH('PROJECT NAME NOV'!$B55 & "-" & 'PROJECT NAME NOV'!$C55, Settings!$H:$H, 0)), "") -> 850 | BM55: =(BI55*BK55)+(BJ55*BK55*1.5) -> 0 | BN55: =BM55*5% -> 0 | BO55: =BM55-BN55 -> 0 | BQ55: 0 | BR55: 0 | BS55: 8 | BT55: 4 | BU55: 8 | BV55: 0 | BW55: 8 | BX55: 4 | BY55: 8 | BZ55: 4 | CA55: 8 | CB55: 4 | CC55: 8 | CE55: =SUM(BQ55,BS55,BU55,BW55,BY55,CA55,CC55) -> 48 | CF55: =SUM(BR55,BT55,BV55,BX55,BZ55,CB55,CD55) -> 16 | CG55: =IFERROR(INDEX(Settings!$F:$F, MATCH('PROJECT NAME NOV'!$B55 & "-" & 'PROJECT NAME NOV'!$C55, Settings!$H:$H,0)), "") -> 106.25 | CH55: =IFERROR(INDEX(Settings!$G:$G, MATCH('PROJECT NAME NOV'!$B55 & "-" & 'PROJECT NAME NOV'!$C55, Settings!$H:$H, 0)), "") -> 850 | CI55: =(CE55*CG55)+(CF55*CG55*1.5) -> 7650 | CJ55: =CI55*5% -> 382.5 | CK55: =CI55-CJ55 -> 7267.5 | CM55: 8 | CN55: 4 | CO55: 0 | CS55: =SUM(CM55,CO55,CQ55) -> 8 | CT55: =SUM(CN55,CP55,CR55) -> 4 | CU55: =IFERROR(INDEX(Settings!$F:$F, MATCH('PROJECT NAME NOV'!$B55 & "-" & 'PROJECT NAME NOV'!$C55, Settings!$H:$H,0)), "") -> 106.25 | CV55: =IFERROR(INDEX(Settings!$G:$G, MATCH('PROJECT NAME NOV'!$B55 & "-" & 'PROJECT NAME NOV'!$C55, Settings!$H:$H, 0)), "") -> 850 | CW55: =(CU55*CS55)+(CT55*CU55) -> 1275 | CX55: =CW55*5% -> 63.75 | CY55: =CW55-CX55 -> 1211.25
B56: Rajan | C56: Barbender Helper | E56: Pradhan Karai | BW56: 8 | BX56: 4 | BY56: 8 | BZ56: 4 | CA56: 8 | CB56: 4 | CC56: 8 | CE56: =SUM(BQ56,BS56,BU56,BW56,BY56,CA56,CC56) -> 32 | CF56: =SUM(BR56,BT56,BV56,BX56,BZ56,CB56,CD56) -> 12 | CG56: =IFERROR(INDEX(Settings!$F:$F, MATCH('PROJECT NAME NOV'!$B56 & "-" & 'PROJECT NAME NOV'!$C56, Settings!$H:$H,0)), "") -> 106.25 | CH56: =IFERROR(INDEX(Settings!$G:$G, MATCH('PROJECT NAME NOV'!$B56 & "-" & 'PROJECT NAME NOV'!$C56, Settings!$H:$H, 0)), "") -> 850 | CI56: =(CE56*CG56)+(CF56*CG56*1.5) -> 5312.5 | CJ56: =CI56*5% -> 265.625 | CK56: =CI56-CJ56 -> 5046.875 | CS56: =SUM(CM56,CO56,CQ56) -> 0 | CT56: =SUM(CN56,CP56,CR56) -> 0 | CU56: =IFERROR(INDEX(Settings!$F:$F, MATCH('PROJECT NAME NOV'!$B56 & "-" & 'PROJECT NAME NOV'!$C56, Settings!$H:$H,0)), "") -> 106.25 | CV56: =IFERROR(INDEX(Settings!$G:$G, MATCH('PROJECT NAME NOV'!$B56 & "-" & 'PROJECT NAME NOV'!$C56, Settings!$H:$H, 0)), "") -> 850 | CW56: =(CU56*CS56)+(CT56*CU56) -> 0 | CX56: =CW56*5% -> 0 | CY56: =CW56-CX56 -> 0
B57: Rajan | C57: Barbender Helper | E57: Duhiram Laguri | BW57: 8 | BX57: 4 | BY57: 8 | BZ57: 4 | CA57: 8 | CB57: 4 | CC57: 8 | CE57: =SUM(BQ57,BS57,BU57,BW57,BY57,CA57,CC57) -> 32 | CF57: =SUM(BR57,BT57,BV57,BX57,BZ57,CB57,CD57) -> 12 | CG57: =IFERROR(INDEX(Settings!$F:$F, MATCH('PROJECT NAME NOV'!$B57 & "-" & 'PROJECT NAME NOV'!$C57, Settings!$H:$H,0)), "") -> 106.25 | CH57: =IFERROR(INDEX(Settings!$G:$G, MATCH('PROJECT NAME NOV'!$B57 & "-" & 'PROJECT NAME NOV'!$C57, Settings!$H:$H, 0)), "") -> 850 | CI57: =(CE57*CG57)+(CF57*CG57*1.5) -> 5312.5 | CJ57: =CI57*5% -> 265.625 | CK57: =CI57-CJ57 -> 5046.875 | CS57: =SUM(CM57,CO57,CQ57) -> 0 | CT57: =SUM(CN57,CP57,CR57) -> 0 | CU57: =IFERROR(INDEX(Settings!$F:$F, MATCH('PROJECT NAME NOV'!$B57 & "-" & 'PROJECT NAME NOV'!$C57, Settings!$H:$H,0)), "") -> 106.25 | CV57: =IFERROR(INDEX(Settings!$G:$G, MATCH('PROJECT NAME NOV'!$B57 & "-" & 'PROJECT NAME NOV'!$C57, Settings!$H:$H, 0)), "") -> 850 | CW57: =(CU57*CS57)+(CT57*CU57) -> 0 | CX57: =CW57*5% -> 0 | CY57: =CW57-CX57 -> 0
B58: Rajan | C58: Barbender Helper | E58: Anand Geope | BW58: 8 | BX58: 4 | BY58: 8 | BZ58: 4 | CA58: 8 | CB58: 4 | CC58: 8 | CE58: =SUM(BQ58,BS58,BU58,BW58,BY58,CA58,CC58) -> 32 | CF58: =SUM(BR58,BT58,BV58,BX58,BZ58,CB58,CD58) -> 12 | CG58: =IFERROR(INDEX(Settings!$F:$F, MATCH('PROJECT NAME NOV'!$B58 & "-" & 'PROJECT NAME NOV'!$C58, Settings!$H:$H,0)), "") -> 106.25 | CH58: =IFERROR(INDEX(Settings!$G:$G, MATCH('PROJECT NAME NOV'!$B58 & "-" & 'PROJECT NAME NOV'!$C58, Settings!$H:$H, 0)), "") -> 850 | CI58: =(CE58*CG58)+(CF58*CG58*1.5) -> 5312.5 | CJ58: =CI58*5% -> 265.625 | CK58: =CI58-CJ58 -> 5046.875 | CS58: =SUM(CM58,CO58,CQ58) -> 0 | CT58: =SUM(CN58,CP58,CR58) -> 0 | CU58: =IFERROR(INDEX(Settings!$F:$F, MATCH('PROJECT NAME NOV'!$B58 & "-" & 'PROJECT NAME NOV'!$C58, Settings!$H:$H,0)), "") -> 106.25 | CV58: =IFERROR(INDEX(Settings!$G:$G, MATCH('PROJECT NAME NOV'!$B58 & "-" & 'PROJECT NAME NOV'!$C58, Settings!$H:$H, 0)), "") -> 850 | CW58: =(CU58*CS58)+(CT58*CU58) -> 0 | CX58: =CW58*5% -> 0 | CY58: =CW58-CX58 -> 0
B59: Rajan | C59: Barbender Helper | E59: Dahid Paul | BW59: 8 | BX59: 4 | BY59: 8 | BZ59: 4 | CA59: 8 | CB59: 4 | CC59: 8 | CE59: =SUM(BQ59,BS59,BU59,BW59,BY59,CA59,CC59) -> 32 | CF59: =SUM(BR59,BT59,BV59,BX59,BZ59,CB59,CD59) -> 12 | CG59: =IFERROR(INDEX(Settings!$F:$F, MATCH('PROJECT NAME NOV'!$B59 & "-" & 'PROJECT NAME NOV'!$C59, Settings!$H:$H,0)), "") -> 106.25 | CH59: =IFERROR(INDEX(Settings!$G:$G, MATCH('PROJECT NAME NOV'!$B59 & "-" & 'PROJECT NAME NOV'!$C59, Settings!$H:$H, 0)), "") -> 850 | CI59: =(CE59*CG59)+(CF59*CG59*1.5) -> 5312.5 | CJ59: =CI59*5% -> 265.625 | CK59: =CI59-CJ59 -> 5046.875 | CS59: =SUM(CM59,CO59,CQ59) -> 0 | CT59: =SUM(CN59,CP59,CR59) -> 0 | CU59: =IFERROR(INDEX(Settings!$F:$F, MATCH('PROJECT NAME NOV'!$B59 & "-" & 'PROJECT NAME NOV'!$C59, Settings!$H:$H,0)), "") -> 106.25 | CV59: =IFERROR(INDEX(Settings!$G:$G, MATCH('PROJECT NAME NOV'!$B59 & "-" & 'PROJECT NAME NOV'!$C59, Settings!$H:$H, 0)), "") -> 850 | CW59: =(CU59*CS59)+(CT59*CU59) -> 0 | CX59: =CW59*5% -> 0 | CY59: =CW59-CX59 -> 0
B60: Rajan | C60: Barbender Helper | E60: Binay Surin | BW60: 8 | BX60: 4 | BY60: 8 | BZ60: 4 | CA60: 8 | CB60: 4 | CC60: 8 | CE60: =SUM(BQ60,BS60,BU60,BW60,BY60,CA60,CC60) -> 32 | CF60: =SUM(BR60,BT60,BV60,BX60,BZ60,CB60,CD60) -> 12 | CG60: =IFERROR(INDEX(Settings!$F:$F, MATCH('PROJECT NAME NOV'!$B60 & "-" & 'PROJECT NAME NOV'!$C60, Settings!$H:$H,0)), "") -> 106.25 | CH60: =IFERROR(INDEX(Settings!$G:$G, MATCH('PROJECT NAME NOV'!$B60 & "-" & 'PROJECT NAME NOV'!$C60, Settings!$H:$H, 0)), "") -> 850 | CI60: =(CE60*CG60)+(CF60*CG60*1.5) -> 5312.5 | CJ60: =CI60*5% -> 265.625 | CK60: =CI60-CJ60 -> 5046.875 | CS60: =SUM(CM60,CO60,CQ60) -> 0 | CT60: =SUM(CN60,CP60,CR60) -> 0 | CU60: =IFERROR(INDEX(Settings!$F:$F, MATCH('PROJECT NAME NOV'!$B60 & "-" & 'PROJECT NAME NOV'!$C60, Settings!$H:$H,0)), "") -> 106.25 | CV60: =IFERROR(INDEX(Settings!$G:$G, MATCH('PROJECT NAME NOV'!$B60 & "-" & 'PROJECT NAME NOV'!$C60, Settings!$H:$H, 0)), "") -> 850 | CW60: =(CU60*CS60)+(CT60*CU60) -> 0 | CX60: =CW60*5% -> 0 | CY60: =CW60-CX60 -> 0
B61: Rajan | C61: Barbender Helper | E61: Gokul Gope | BW61: 8 | BX61: 4 | BY61: 8 | BZ61: 4 | CA61: 8 | CB61: 4 | CC61: 8 | CE61: =SUM(BQ61,BS61,BU61,BW61,BY61,CA61,CC61) -> 32 | CF61: =SUM(BR61,BT61,BV61,BX61,BZ61,CB61,CD61) -> 12 | CG61: =IFERROR(INDEX(Settings!$F:$F, MATCH('PROJECT NAME NOV'!$B61 & "-" & 'PROJECT NAME NOV'!$C61, Settings!$H:$H,0)), "") -> 106.25 | CH61: =IFERROR(INDEX(Settings!$G:$G, MATCH('PROJECT NAME NOV'!$B61 & "-" & 'PROJECT NAME NOV'!$C61, Settings!$H:$H, 0)), "") -> 850 | CI61: =(CE61*CG61)+(CF61*CG61*1.5) -> 5312.5 | CJ61: =CI61*5% -> 265.625 | CK61: =CI61-CJ61 -> 5046.875 | CM61: 8 | CN61: 4 | CO61: 8 | CS61: =SUM(CM61,CO61,CQ61) -> 16 | CT61: =SUM(CN61,CP61,CR61) -> 4 | CU61: =IFERROR(INDEX(Settings!$F:$F, MATCH('PROJECT NAME NOV'!$B61 & "-" & 'PROJECT NAME NOV'!$C61, Settings!$H:$H,0)), "") -> 106.25 | CV61: =IFERROR(INDEX(Settings!$G:$G, MATCH('PROJECT NAME NOV'!$B61 & "-" & 'PROJECT NAME NOV'!$C61, Settings!$H:$H, 0)), "") -> 850 | CW61: =(CU61*CS61)+(CT61*CU61) -> 2125 | CX61: =CW61*5% -> 106.25 | CY61: =CW61-CX61 -> 2018.75
B62: Rajan | C62: Barbender Helper | E62: Anuj Gope | BW62: 8 | BX62: 4 | BY62: 8 | BZ62: 4 | CA62: 8 | CB62: 4 | CC62: 8 | CE62: =SUM(BQ62,BS62,BU62,BW62,BY62,CA62,CC62) -> 32 | CF62: =SUM(BR62,BT62,BV62,BX62,BZ62,CB62,CD62) -> 12 | CG62: =IFERROR(INDEX(Settings!$F:$F, MATCH('PROJECT NAME NOV'!$B62 & "-" & 'PROJECT NAME NOV'!$C62, Settings!$H:$H,0)), "") -> 106.25 | CH62: =IFERROR(INDEX(Settings!$G:$G, MATCH('PROJECT NAME NOV'!$B62 & "-" & 'PROJECT NAME NOV'!$C62, Settings!$H:$H, 0)), "") -> 850 | CI62: =(CE62*CG62)+(CF62*CG62*1.5) -> 5312.5 | CJ62: =CI62*5% -> 265.625 | CK62: =CI62-CJ62 -> 5046.875 | CM62: 8 | CN62: 4 | CO62: 8 | CS62: =SUM(CM62,CO62,CQ62) -> 16 | CT62: =SUM(CN62,CP62,CR62) -> 4 | CU62: =IFERROR(INDEX(Settings!$F:$F, MATCH('PROJECT NAME NOV'!$B62 & "-" & 'PROJECT NAME NOV'!$C62, Settings!$H:$H,0)), "") -> 106.25 | CV62: =IFERROR(INDEX(Settings!$G:$G, MATCH('PROJECT NAME NOV'!$B62 & "-" & 'PROJECT NAME NOV'!$C62, Settings!$H:$H, 0)), "") -> 850 | CW62: =(CU62*CS62)+(CT62*CU62) -> 2125 | CX62: =CW62*5% -> 106.25 | CY62: =CW62-CX62 -> 2018.75
B63: Rajan | C63: Barbender Fitter | E63: Pradhan Kori | CM63: 8 | CN63: 4 | CO63: 8 | CS63: =SUM(CM63,CO63,CQ63) -> 16 | CT63: =SUM(CN63,CP63,CR63) -> 4 | CU63: =IFERROR(INDEX(Settings!$F:$F, MATCH('PROJECT NAME NOV'!$B63 & "-" & 'PROJECT NAME NOV'!$C63, Settings!$H:$H,0)), "") -> 112.5 | CV63: =IFERROR(INDEX(Settings!$G:$G, MATCH('PROJECT NAME NOV'!$B63 & "-" & 'PROJECT NAME NOV'!$C63, Settings!$H:$H, 0)), "") -> 900 | CW63: =(CU63*CS63)+(CT63*CU63) -> 2250 | CX63: =CW63*5% -> 112.5 | CY63: =CW63-CX63 -> 2137.5
B64: Rajan | C64: Barbender Fitter | E64: Duhiram Laguri | CM64: 8 | CN64: 4 | CO64: 8 | CS64: =SUM(CM64,CO64,CQ64) -> 16 | CT64: =SUM(CN64,CP64,CR64) -> 4 | CU64: =IFERROR(INDEX(Settings!$F:$F, MATCH('PROJECT NAME NOV'!$B64 & "-" & 'PROJECT NAME NOV'!$C64, Settings!$H:$H,0)), "") -> 112.5 | CV64: =IFERROR(INDEX(Settings!$G:$G, MATCH('PROJECT NAME NOV'!$B64 & "-" & 'PROJECT NAME NOV'!$C64, Settings!$H:$H, 0)), "") -> 900 | CW64: =(CU64*CS64)+(CT64*CU64) -> 2250 | CX64: =CW64*5% -> 112.5 | CY64: =CW64-CX64 -> 2137.5
B65: Rajan | C65: Barbender Helper | E65: Sunil Angeria | CM65: 8 | CN65: 4 | CO65: 8 | CS65: =SUM(CM65,CO65,CQ65) -> 16 | CT65: =SUM(CN65,CP65,CR65) -> 4 | CU65: =IFERROR(INDEX(Settings!$F:$F, MATCH('PROJECT NAME NOV'!$B65 & "-" & 'PROJECT NAME NOV'!$C65, Settings!$H:$H,0)), "") -> 106.25 | CV65: =IFERROR(INDEX(Settings!$G:$G, MATCH('PROJECT NAME NOV'!$B65 & "-" & 'PROJECT NAME NOV'!$C65, Settings!$H:$H, 0)), "") -> 850 | CW65: =(CU65*CS65)+(CT65*CU65) -> 2125 | CX65: =CW65*5% -> 106.25 | CY65: =CW65-CX65 -> 2018.75
B66: Rajan | C66: Barbender Helper | E66: Narua Samad | CM66: 8 | CN66: 4 | CO66: 8 | CS66: =SUM(CM66,CO66,CQ66) -> 16 | CT66: =SUM(CN66,CP66,CR66) -> 4 | CU66: =IFERROR(INDEX(Settings!$F:$F, MATCH('PROJECT NAME NOV'!$B66 & "-" & 'PROJECT NAME NOV'!$C66, Settings!$H:$H,0)), "") -> 106.25 | CV66: =IFERROR(INDEX(Settings!$G:$G, MATCH('PROJECT NAME NOV'!$B66 & "-" & 'PROJECT NAME NOV'!$C66, Settings!$H:$H, 0)), "") -> 850 | CW66: =(CU66*CS66)+(CT66*CU66) -> 2125 | CX66: =CW66*5% -> 106.25 | CY66: =CW66-CX66 -> 2018.75
B67: Rajan | C67: Barbender Helper | E67: Shankar Angaria | CM67: 8 | CN67: 4 | CO67: 8 | CS67: =SUM(CM67,CO67,CQ67) -> 16 | CT67: =SUM(CN67,CP67,CR67) -> 4 | CU67: =IFERROR(INDEX(Settings!$F:$F, MATCH('PROJECT NAME NOV'!$B67 & "-" & 'PROJECT NAME NOV'!$C67, Settings!$H:$H,0)), "") -> 106.25 | CV67: =IFERROR(INDEX(Settings!$G:$G, MATCH('PROJECT NAME NOV'!$B67 & "-" & 'PROJECT NAME NOV'!$C67, Settings!$H:$H, 0)), "") -> 850 | CW67: =(CU67*CS67)+(CT67*CU67) -> 2125 | CX67: =CW67*5% -> 106.25 | CY67: =CW67-CX67 -> 2018.75
B68: Rajan | C68: Barbender Helper | E68: Binai | CM68: 8 | CN68: 4 | CO68: 0 | CS68: =SUM(CM68,CO68,CQ68) -> 8 | CT68: =SUM(CN68,CP68,CR68) -> 4 | CU68: =IFERROR(INDEX(Settings!$F:$F, MATCH('PROJECT NAME NOV'!$B68 & "-" & 'PROJECT NAME NOV'!$C68, Settings!$H:$H,0)), "") -> 106.25 | CV68: =IFERROR(INDEX(Settings!$G:$G, MATCH('PROJECT NAME NOV'!$B68 & "-" & 'PROJECT NAME NOV'!$C68, Settings!$H:$H, 0)), "") -> 850 | CW68: =(CU68*CS68)+(CT68*CU68) -> 1275 | CX68: =CW68*5% -> 63.75 | CY68: =CW68-CX68 -> 1211.25
B69: Rajan | C69: Barbender Helper | E69: Anand Gope | CM69: 8 | CN69: 4 | CO69: 8 | CS69: =SUM(CM69,CO69,CQ69) -> 16 | CT69: =SUM(CN69,CP69,CR69) -> 4 | CU69: =IFERROR(INDEX(Settings!$F:$F, MATCH('PROJECT NAME NOV'!$B69 & "-" & 'PROJECT NAME NOV'!$C69, Settings!$H:$H,0)), "") -> 106.25 | CV69: =IFERROR(INDEX(Settings!$G:$G, MATCH('PROJECT NAME NOV'!$B69 & "-" & 'PROJECT NAME NOV'!$C69, Settings!$H:$H, 0)), "") -> 850 | CW69: =(CU69*CS69)+(CT69*CU69) -> 2125 | CX69: =CW69*5% -> 106.25 | CY69: =CW69-CX69 -> 2018.75
B70: Rajan | C70: Barbender Helper | E70: Daniel Pal | CM70: 8 | CN70: 4 | CO70: 0 | CS70: =SUM(CM70,CO70,CQ70) -> 8 | CT70: =SUM(CN70,CP70,CR70) -> 4 | CU70: =IFERROR(INDEX(Settings!$F:$F, MATCH('PROJECT NAME NOV'!$B70 & "-" & 'PROJECT NAME NOV'!$C70, Settings!$H:$H,0)), "") -> 106.25 | CV70: =IFERROR(INDEX(Settings!$G:$G, MATCH('PROJECT NAME NOV'!$B70 & "-" & 'PROJECT NAME NOV'!$C70, Settings!$H:$H, 0)), "") -> 850 | CW70: =(CU70*CS70)+(CT70*CU70) -> 1275 | CX70: =CW70*5% -> 63.75 | CY70: =CW70-CX70 -> 1211.25
B71: Rajan | C71: Barbender Helper | E71: Donga Samad | CM71: 8 | CN71: 4 | CO71: 8 | CS71: =SUM(CM71,CO71,CQ71) -> 16 | CT71: =SUM(CN71,CP71,CR71) -> 4 | CU71: =IFERROR(INDEX(Settings!$F:$F, MATCH('PROJECT NAME NOV'!$B71 & "-" & 'PROJECT NAME NOV'!$C71, Settings!$H:$H,0)), "") -> 106.25 | CV71: =IFERROR(INDEX(Settings!$G:$G, MATCH('PROJECT NAME NOV'!$B71 & "-" & 'PROJECT NAME NOV'!$C71, Settings!$H:$H, 0)), "") -> 850 | CW71: =(CU71*CS71)+(CT71*CU71) -> 2125 | CX71: =CW71*5% -> 106.25 | CY71: =CW71-CX71 -> 2018.75
B72: Rajan | C72: Barbender Helper | E72: Udai Sundi | CM72: 8 | CN72: 4 | CO72: 0 | CS72: =SUM(CM72,CO72,CQ72) -> 8 | CT72: =SUM(CN72,CP72,CR72) -> 4 | CU72: =IFERROR(INDEX(Settings!$F:$F, MATCH('PROJECT NAME NOV'!$B72 & "-" & 'PROJECT NAME NOV'!$C72, Settings!$H:$H,0)), "") -> 106.25 | CV72: =IFERROR(INDEX(Settings!$G:$G, MATCH('PROJECT NAME NOV'!$B72 & "-" & 'PROJECT NAME NOV'!$C72, Settings!$H:$H, 0)), "") -> 850 | CW72: =(CU72*CS72)+(CT72*CU72) -> 1275 | CX72: =CW72*5% -> 63.75 | CY72: =CW72-CX72 -> 1211.25
B73: Rajan | C73: Barbender Helper | E73: Landu Samsed | CM73: 8 | CN73: 4 | CO73: 8 | CS73: =SUM(CM73,CO73,CQ73) -> 16 | CT73: =SUM(CN73,CP73,CR73) -> 4 | CU73: =IFERROR(INDEX(Settings!$F:$F, MATCH('PROJECT NAME NOV'!$B73 & "-" & 'PROJECT NAME NOV'!$C73, Settings!$H:$H,0)), "") -> 106.25 | CV73: =IFERROR(INDEX(Settings!$G:$G, MATCH('PROJECT NAME NOV'!$B73 & "-" & 'PROJECT NAME NOV'!$C73, Settings!$H:$H, 0)), "") -> 850 | CW73: =(CU73*CS73)+(CT73*CU73) -> 2125 | CX73: =CW73*5% -> 106.25 | CY73: =CW73-CX73 -> 2018.75
B74: Rajan | C74: Barbender Helper | E74: Suraj Kumar | CM74: 8 | CN74: 4 | CO74: 0 | CS74: =SUM(CM74,CO74,CQ74) -> 8 | CT74: =SUM(CN74,CP74,CR74) -> 4 | CU74: =IFERROR(INDEX(Settings!$F:$F, MATCH('PROJECT NAME NOV'!$B74 & "-" & 'PROJECT NAME NOV'!$C74, Settings!$H:$H,0)), "") -> 106.25 | CV74: =IFERROR(INDEX(Settings!$G:$G, MATCH('PROJECT NAME NOV'!$B74 & "-" & 'PROJECT NAME NOV'!$C74, Settings!$H:$H, 0)), "") -> 850 | CW74: =(CU74*CS74)+(CT74*CU74) -> 1275 | CX74: =CW74*5% -> 63.75 | CY74: =CW74-CX74 -> 1211.25
... B76: Rajan | C76: Barbender Helper | E76: Bhimsen Lohar | CM76: 8 | CN76: 4 | CO76: 8 | CS76: =SUM(CM76,CO76,CQ76) -> 16 | CT76: =SUM(CN76,CP76,CR76) -> 4 | CU76: =IFERROR(INDEX(Settings!$F:$F, MATCH('PROJECT NAME NOV'!$B76 & "-" & 'PROJECT NAME NOV'!$C76, Settings!$H:$H,0)), "") -> 106.25 | CV76: =IFERROR(INDEX(Settings!$G:$G, MATCH('PROJECT NAME NOV'!$B76 & "-" & 'PROJECT NAME NOV'!$C76, Settings!$H:$H, 0)), "") -> 850 | CW76: =(CU76*CS76)+(CT76*CU76) -> 2125 | CX76: =CW76*5% -> 106.25 | CY76: =CW76-CX76 -> 2018.75
B77: Rajan | C77: Barbender Helper | E77: Tui Bandra (Cook) | CM77: 8 | CN77: 0 | CO77: 0 | CP77: 0 | CR77: 0 | CS77: =SUM(CM77,CO77,CQ77) -> 8 | CT77: =SUM(CN77,CP77,CR77) -> 0 | CU77: =IFERROR(INDEX(Settings!$F:$F, MATCH('PROJECT NAME NOV'!$B77 & "-" & 'PROJECT NAME NOV'!$C77, Settings!$H:$H,0)), "") -> 106.25 | CV77: =IFERROR(INDEX(Settings!$G:$G, MATCH('PROJECT NAME NOV'!$B77 & "-" & 'PROJECT NAME NOV'!$C77, Settings!$H:$H, 0)), "") -> 850 | CW77: =(CU77*CS77)+(CT77*CU77) -> 850 | CX77: =CW77*5% -> 42.5 | CY77: =CW77-CX77 -> 807.5
B78: Rajan | C78: Barbender Helper | CS78: =SUM(CM78,CO78,CQ78) -> 0 | CT78: =SUM(CN78,CP78,CR78) -> 0 | CU78: =IFERROR(INDEX(Settings!$F:$F, MATCH('PROJECT NAME NOV'!$B78 & "-" & 'PROJECT NAME NOV'!$C78, Settings!$H:$H,0)), "") -> 106.25 | CV78: =IFERROR(INDEX(Settings!$G:$G, MATCH('PROJECT NAME NOV'!$B78 & "-" & 'PROJECT NAME NOV'!$C78, Settings!$H:$H, 0)), "") -> 850 | CW78: =(CU78*CS78)+(CT78*CU78) -> 0 | CX78: =CW78*5% -> 0 | CY78: =CW78-CX78 -> 0
B79: Rajan | C79: Barbender Helper | CS79: =SUM(CM79,CO79,CQ79) -> 0 | CT79: =SUM(CN79,CP79,CR79) -> 0 | CU79: =IFERROR(INDEX(Settings!$F:$F, MATCH('PROJECT NAME NOV'!$B79 & "-" & 'PROJECT NAME NOV'!$C79, Settings!$H:$H,0)), "") -> 106.25 | CV79: =IFERROR(INDEX(Settings!$G:$G, MATCH('PROJECT NAME NOV'!$B79 & "-" & 'PROJECT NAME NOV'!$C79, Settings!$H:$H, 0)), "") -> 850 | CW79: =(CU79*CS79)+(CT79*CU79) -> 0 | CX79: =CW79*5% -> 0 | CY79: =CW79-CX79 -> 0
B80: Rajan | C80: Barbender Helper | CS80: =SUM(CM80,CO80,CQ80) -> 0 | CT80: =SUM(CN80,CP80,CR80) -> 0 | CU80: =IFERROR(INDEX(Settings!$F:$F, MATCH('PROJECT NAME NOV'!$B80 & "-" & 'PROJECT NAME NOV'!$C80, Settings!$H:$H,0)), "") -> 106.25 | CV80: =IFERROR(INDEX(Settings!$G:$G, MATCH('PROJECT NAME NOV'!$B80 & "-" & 'PROJECT NAME NOV'!$C80, Settings!$H:$H, 0)), "") -> 850 | CW80: =(CU80*CS80)+(CT80*CU80) -> 0 | CX80: =CW80*5% -> 0 | CY80: =CW80-CX80 -> 0
B82: Ganesh | C82: Barbender Fitter | E82: Ganesh | R82: =SUM(F82,H82,J82,L82,N82,P82) -> 0 | S82: =SUM(G82,I82,K82,M82,O82,Q82) -> 0 | T82: =IFERROR(INDEX(Settings!$F:$F, MATCH('PROJECT NAME NOV'!$B82 & "-" & 'PROJECT NAME NOV'!$C82, Settings!$H:$H,0)), "") -> 112.5 | U82: =IFERROR(INDEX(Settings!$G:$G, MATCH('PROJECT NAME NOV'!$B82 & "-" & 'PROJECT NAME NOV'!$C82, Settings!$H:$H, 0)), "") -> 900 | V82: =(R82*T82)+(S82*T82*1.5) -> 0 | W82: =V82*5% -> 0 | X82: =V82-W82 -> 0 | AM82: =IFERROR(INDEX(Settings!$F:$F, MATCH('PROJECT NAME NOV'!$B82 & "-" & 'PROJECT NAME NOV'!$C82, Settings!$H:$H,0)), "") -> 112.5 | AN82: =IFERROR(INDEX(Settings!$G:$G, MATCH('PROJECT NAME NOV'!$B82 & "-" & 'PROJECT NAME NOV'!$C82, Settings!$H:$H, 0)), "") -> 900 | AO82: =SUM(Y82,AA82,AC82,AE82,AG82,AI82,AK82) -> 0 | AP82: =SUM(Z82,AB82,AD82,AF82,AH82,AJ82,AL82) -> 0 | AQ82: =(AO82*AM82)+(AP82*AM82) -> 0 | AR82: =AQ82*5% -> 0 | AS82: =AQ82-AR82 -> 0 | AU82: 8 | AV82: 0 | AW82: 8 | AX82: 0 | AY82: 8 | AZ82: 0 | BA82: 8 | BB82: 3 | BC82: 8 | BD82: 2 | BE82: 8 | BF82: 0 | BG82: 8 | BH82: 2 | BI82: =SUM(AU82,AW82,AY82,BA82,BC82,BE82,BG82) -> 56 | BJ82: =SUM(AV82,AX82,AZ82,BB82,BD82,BF82,BH82) -> 7 | BK82: =IFERROR(INDEX(Settings!$F:$F, MATCH('PROJECT NAME NOV'!$B82 & "-" & 'PROJECT NAME NOV'!$C82, Settings!$H:$H,0)), "") -> 112.5 | BL82: =IFERROR(INDEX(Settings!$G:$G, MATCH('PROJECT NAME NOV'!$B82 & "-" & 'PROJECT NAME NOV'!$C82, Settings!$H:$H, 0)), "") -> 900 | BM82: =(BI82*BK82)+(BJ82*BK82*1.5) -> 7481.25 | BN82: =BM82*5% -> 374.0625 | BO82: =BM82-BN82 -> 7107.1875 | BQ82: 8 | BR82: 4 | BS82: 8 | BT82: 4 | BU82: 8 | BV82: 0 | BW82: 8 | BX82: 4 | BY82: 8 | BZ82: 4 | CA82: 8 | CE82: =SUM(BQ82,BS82,BU82,BW82,BY82,CA82,CC82) -> 48 | CF82: =SUM(BR82,BT82,BV82,BX82,BZ82,CB82,CD82) -> 16 | CG82: =IFERROR(INDEX(Settings!$F:$F, MATCH('PROJECT NAME NOV'!$B82 & "-" & 'PROJECT NAME NOV'!$C82, Settings!$H:$H,0)), "") -> 112.5 | CH82: =IFERROR(INDEX(Settings!$G:$G, MATCH('PROJECT NAME NOV'!$B82 & "-" & 'PROJECT NAME NOV'!$C82, Settings!$H:$H, 0)), "") -> 900 | CI82: =(CE82*CG82)+(CF82*CG82*1.5) -> 8100 | CJ82: =CI82*5% -> 405 | CK82: =CI82-CJ82 -> 7695 | CS82: =SUM(CM82,CO82,CQ82) -> 0 | CT82: =SUM(CN82,CP82,CR82) -> 0 | CU82: =IFERROR(INDEX(Settings!$F:$F, MATCH('PROJECT NAME NOV'!$B82 & "-" & 'PROJECT NAME NOV'!$C82, Settings!$H:$H,0)), "") -> 112.5 | CV82: =IFERROR(INDEX(Settings!$G:$G, MATCH('PROJECT NAME NOV'!$B82 & "-" & 'PROJECT NAME NOV'!$C82, Settings!$H:$H, 0)), "") -> 900 | CW82: =(CU82*CS82)+(CT82*CU82) -> 0 | CX82: =CW82*5% -> 0 | CY82: =CW82-CX82 -> 0
B83: Ganesh | C83: Barbender Fitter | E83: Anand Das | R83: =SUM(F83,H83,J83,L83,N83,P83) -> 0 | S83: =SUM(G83,I83,K83,M83,O83,Q83) -> 0 | T83: =IFERROR(INDEX(Settings!$F:$F, MATCH('PROJECT NAME NOV'!$B83 & "-" & 'PROJECT NAME NOV'!$C83, Settings!$H:$H,0)), "") -> 112.5 | U83: =IFERROR(INDEX(Settings!$G:$G, MATCH('PROJECT NAME NOV'!$B83 & "-" & 'PROJECT NAME NOV'!$C83, Settings!$H:$H, 0)), "") -> 900 | V83: =(R83*T83)+(S83*T83*1.5) -> 0 | W83: =V83*5% -> 0 | X83: =V83-W83 -> 0 | AM83: =IFERROR(INDEX(Settings!$F:$F, MATCH('PROJECT NAME NOV'!$B83 & "-" & 'PROJECT NAME NOV'!$C83, Settings!$H:$H,0)), "") -> 112.5 | AN83: =IFERROR(INDEX(Settings!$G:$G, MATCH('PROJECT NAME NOV'!$B83 & "-" & 'PROJECT NAME NOV'!$C83, Settings!$H:$H, 0)), "") -> 900 | AO83: =SUM(Y83,AA83,AC83,AE83,AG83,AI83,AK83) -> 0 | AP83: =SUM(Z83,AB83,AD83,AF83,AH83,AJ83,AL83) -> 0 | AQ83: =(AO83*AM83)+(AP83*AM83) -> 0 | AR83: =AQ83*5% -> 0 | AS83: =AQ83-AR83 -> 0 | AU83: 8 | AV83: 0 | AW83: 8 | AX83: 0 | AY83: 8 | AZ83: 0 | BA83: 8 | BB83: 3 | BC83: 8 | BD83: 2 | BE83: 8 | BF83: 0 | BG83: 8 | BH83: 2 | BI83: =SUM(AU83,AW83,AY83,BA83,BC83,BE83,BG83) -> 56 | BJ83: =SUM(AV83,AX83,AZ83,BB83,BD83,BF83,BH83) -> 7 | BK83: =IFERROR(INDEX(Settings!$F:$F, MATCH('PROJECT NAME NOV'!$B83 & "-" & 'PROJECT NAME NOV'!$C83, Settings!$H:$H,0)), "") -> 112.5 | BL83: =IFERROR(INDEX(Settings!$G:$G, MATCH('PROJECT NAME NOV'!$B83 & "-" & 'PROJECT NAME NOV'!$C83, Settings!$H:$H, 0)), "") -> 900 | BM83: =(BI83*BK83)+(BJ83*BK83*1.5) -> 7481.25 | BN83: =BM83*5% -> 374.0625 | BO83: =BM83-BN83 -> 7107.1875 | BQ83: 8 | BR83: 4 | BS83: 8 | BT83: 4 | BU83: 8 | BV83: 0 | BW83: 8 | BX83: 4 | BY83: 8 | BZ83: 4 | CA83: 8 | CE83: =SUM(BQ83,BS83,BU83,BW83,BY83,CA83,CC83) -> 48 | CF83: =SUM(BR83,BT83,BV83,BX83,BZ83,CB83,CD83) -> 16 | CG83: =IFERROR(INDEX(Settings!$F:$F, MATCH('PROJECT NAME NOV'!$B83 & "-" & 'PROJECT NAME NOV'!$C83, Settings!$H:$H,0)), "") -> 112.5 | CH83: =IFERROR(INDEX(Settings!$G:$G, MATCH('PROJECT NAME NOV'!$B83 & "-" & 'PROJECT NAME NOV'!$C83, Settings!$H:$H, 0)), "") -> 900 | CI83: =(CE83*CG83)+(CF83*CG83*1.5) -> 8100 | CJ83: =CI83*5% -> 405 | CK83: =CI83-CJ83 -> 7695 | CS83: =SUM(CM83,CO83,CQ83) -> 0 | CT83: =SUM(CN83,CP83,CR83) -> 0 | CU83: =IFERROR(INDEX(Settings!$F:$F, MATCH('PROJECT NAME NOV'!$B83 & "-" & 'PROJECT NAME NOV'!$C83, Settings!$H:$H,0)), "") -> 112.5 | CV83: =IFERROR(INDEX(Settings!$G:$G, MATCH('PROJECT NAME NOV'!$B83 & "-" & 'PROJECT NAME NOV'!$C83, Settings!$H:$H, 0)), "") -> 900 | CW83: =(CU83*CS83)+(CT83*CU83) -> 0 | CX83: =CW83*5% -> 0 | CY83: =CW83-CX83 -> 0
B84: Ganesh | C84: Barbender Fitter | E84: Prahlad Das | R84: =SUM(F84,H84,J84,L84,N84,P84) -> 0 | S84: =SUM(G84,I84,K84,M84,O84,Q84) -> 0 | T84: =IFERROR(INDEX(Settings!$F:$F, MATCH('PROJECT NAME NOV'!$B84 & "-" & 'PROJECT NAME NOV'!$C84, Settings!$H:$H,0)), "") -> 112.5 | U84: =IFERROR(INDEX(Settings!$G:$G, MATCH('PROJECT NAME NOV'!$B84 & "-" & 'PROJECT NAME NOV'!$C84, Settings!$H:$H, 0)), "") -> 900 | V84: =(R84*T84)+(S84*T84*1.5) -> 0 | W84: =V84*5% -> 0 | X84: =V84-W84 -> 0 | AM84: =IFERROR(INDEX(Settings!$F:$F, MATCH('PROJECT NAME NOV'!$B84 & "-" & 'PROJECT NAME NOV'!$C84, Settings!$H:$H,0)), "") -> 112.5 | AN84: =IFERROR(INDEX(Settings!$G:$G, MATCH('PROJECT NAME NOV'!$B84 & "-" & 'PROJECT NAME NOV'!$C84, Settings!$H:$H, 0)), "") -> 900 | AO84: =SUM(Y84,AA84,AC84,AE84,AG84,AI84,AK84) -> 0 | AP84: =SUM(Z84,AB84,AD84,AF84,AH84,AJ84,AL84) -> 0 | AQ84: =(AO84*AM84)+(AP84*AM84) -> 0 | AR84: =AQ84*5% -> 0 | AS84: =AQ84-AR84 -> 0 | AU84: 8 | AV84: 0 | AW84: 8 | AX84: 0 | AY84: 8 | AZ84: 0 | BA84: 8 | BB84: 3 | BC84: 8 | BD84: 2 | BE84: 8 | BF84: 0 | BG84: 8 | BH84: 2 | BI84: =SUM(AU84,AW84,AY84,BA84,BC84,BE84,BG84) -> 56 | BJ84: =SUM(AV84,AX84,AZ84,BB84,BD84,BF84,BH84) -> 7 | BK84: =IFERROR(INDEX(Settings!$F:$F, MATCH('PROJECT NAME NOV'!$B84 & "-" & 'PROJECT NAME NOV'!$C84, Settings!$H:$H,0)), "") -> 112.5 | BL84: =IFERROR(INDEX(Settings!$G:$G, MATCH('PROJECT NAME NOV'!$B84 & "-" & 'PROJECT NAME NOV'!$C84, Settings!$H:$H, 0)), "") -> 900 | BM84: =(BI84*BK84)+(BJ84*BK84*1.5) -> 7481.25 | BN84: =BM84*5% -> 374.0625 | BO84: =BM84-BN84 -> 7107.1875 | BQ84: 0 | BR84: 0 | BS84: 0 | BT84: 0 | BU84: 0 | BV84: 0 | BW84: 0 | BX84: 0 | BY84: 0 | BZ84: 0 | CA84: 0 | CE84: =SUM(BQ84,BS84,BU84,BW84,BY84,CA84,CC84) -> 0 | CF84: =SUM(BR84,BT84,BV84,BX84,BZ84,CB84,CD84) -> 0 | CG84: =IFERROR(INDEX(Settings!$F:$F, MATCH('PROJECT NAME NOV'!$B84 & "-" & 'PROJECT NAME NOV'!$C84, Settings!$H:$H,0)), "") -> 112.5 | CH84: =IFERROR(INDEX(Settings!$G:$G, MATCH('PROJECT NAME NOV'!$B84 & "-" & 'PROJECT NAME NOV'!$C84, Settings!$H:$H, 0)), "") -> 900 | CI84: =(CE84*CG84)+(CF84*CG84*1.5) -> 0 | CJ84: =CI84*5% -> 0 | CK84: =CI84-CJ84 -> 0 | CS84: =SUM(CM84,CO84,CQ84) -> 0 | CT84: =SUM(CN84,CP84,CR84) -> 0 | CU84: =IFERROR(INDEX(Settings!$F:$F, MATCH('PROJECT NAME NOV'!$B84 & "-" & 'PROJECT NAME NOV'!$C84, Settings!$H:$H,0)), "") -> 112.5 | CV84: =IFERROR(INDEX(Settings!$G:$G, MATCH('PROJECT NAME NOV'!$B84 & "-" & 'PROJECT NAME NOV'!$C84, Settings!$H:$H, 0)), "") -> 900 | CW84: =(CU84*CS84)+(CT84*CU84) -> 0 | CX84: =CW84*5% -> 0 | CY84: =CW84-CX84 -> 0
B85: Ganesh | C85: Barbender Fitter | E85: Niranjan Das | R85: =SUM(F85,H85,J85,L85,N85,P85) -> 0 | S85: =SUM(G85,I85,K85,M85,O85,Q85) -> 0 | T85: =IFERROR(INDEX(Settings!$F:$F, MATCH('PROJECT NAME NOV'!$B85 & "-" & 'PROJECT NAME NOV'!$C85, Settings!$H:$H,0)), "") -> 112.5 | U85: =IFERROR(INDEX(Settings!$G:$G, MATCH('PROJECT NAME NOV'!$B85 & "-" & 'PROJECT NAME NOV'!$C85, Settings!$H:$H, 0)), "") -> 900 | V85: =(R85*T85)+(S85*T85*1.5) -> 0 | W85: =V85*5% -> 0 | X85: =V85-W85 -> 0 | AM85: =IFERROR(INDEX(Settings!$F:$F, MATCH('PROJECT NAME NOV'!$B85 & "-" & 'PROJECT NAME NOV'!$C85, Settings!$H:$H,0)), "") -> 112.5 | AN85: =IFERROR(INDEX(Settings!$G:$G, MATCH('PROJECT NAME NOV'!$B85 & "-" & 'PROJECT NAME NOV'!$C85, Settings!$H:$H, 0)), "") -> 900 | AO85: =SUM(Y85,AA85,AC85,AE85,AG85,AI85,AK85) -> 0 | AP85: =SUM(Z85,AB85,AD85,AF85,AH85,AJ85,AL85) -> 0 | AQ85: =(AO85*AM85)+(AP85*AM85) -> 0 | AR85: =AQ85*5% -> 0 | AS85: =AQ85-AR85 -> 0 | AU85: 8 | AV85: 0 | AW85: 8 | AX85: 0 | AY85: 8 | AZ85: 0 | BA85: 8 | BB85: 3 | BC85: 8 | BD85: 2 | BE85: 8 | BF85: 0 | BG85: 8 | BH85: 2 | BI85: =SUM(AU85,AW85,AY85,BA85,BC85,BE85,BG85) -> 56 | BJ85: =SUM(AV85,AX85,AZ85,BB85,BD85,BF85,BH85) -> 7 | BK85: =IFERROR(INDEX(Settings!$F:$F, MATCH('PROJECT NAME NOV'!$B85 & "-" & 'PROJECT NAME NOV'!$C85, Settings!$H:$H,0)), "") -> 112.5 | BL85: =IFERROR(INDEX(Settings!$G:$G, MATCH('PROJECT NAME NOV'!$B85 & "-" & 'PROJECT NAME NOV'!$C85, Settings!$H:$H, 0)), "") -> 900 | BM85: =(BI85*BK85)+(BJ85*BK85*1.5) -> 7481.25 | BN85: =BM85*5% -> 374.0625 | BO85: =BM85-BN85 -> 7107.1875 | BQ85: 8 | BR85: 4 | BS85: 8 | BT85: 4 | BU85: 8 | BV85: 0 | BW85: 8 | BX85: 4 | BY85: 8 | BZ85: 4 | CA85: 8 | CE85: =SUM(BQ85,BS85,BU85,BW85,BY85,CA85,CC85) -> 48 | CF85: =SUM(BR85,BT85,BV85,BX85,BZ85,CB85,CD85) -> 16 | CG85: =IFERROR(INDEX(Settings!$F:$F, MATCH('PROJECT NAME NOV'!$B85 & "-" & 'PROJECT NAME NOV'!$C85, Settings!$H:$H,0)), "") -> 112.5 | CH85: =IFERROR(INDEX(Settings!$G:$G, MATCH('PROJECT NAME NOV'!$B85 & "-" & 'PROJECT NAME NOV'!$C85, Settings!$H:$H, 0)), "") -> 900 | CI85: =(CE85*CG85)+(CF85*CG85*1.5) -> 8100 | CJ85: =CI85*5% -> 405 | CK85: =CI85-CJ85 -> 7695 | CS85: =SUM(CM85,CO85,CQ85) -> 0 | CT85: =SUM(CN85,CP85,CR85) -> 0 | CU85: =IFERROR(INDEX(Settings!$F:$F, MATCH('PROJECT NAME NOV'!$B85 & "-" & 'PROJECT NAME NOV'!$C85, Settings!$H:$H,0)), "") -> 112.5 | CV85: =IFERROR(INDEX(Settings!$G:$G, MATCH('PROJECT NAME NOV'!$B85 & "-" & 'PROJECT NAME NOV'!$C85, Settings!$H:$H, 0)), "") -> 900 | CW85: =(CU85*CS85)+(CT85*CU85) -> 0 | CX85: =CW85*5% -> 0 | CY85: =CW85-CX85 -> 0
B86: Ganesh | C86: Barbender Fitter | E86: Nrusingha Bank | R86: =SUM(F86,H86,J86,L86,N86,P86) -> 0 | S86: =SUM(G86,I86,K86,M86,O86,Q86) -> 0 | T86: =IFERROR(INDEX(Settings!$F:$F, MATCH('PROJECT NAME NOV'!$B86 & "-" & 'PROJECT NAME NOV'!$C86, Settings!$H:$H,0)), "") -> 112.5 | U86: =IFERROR(INDEX(Settings!$G:$G, MATCH('PROJECT NAME NOV'!$B86 & "-" & 'PROJECT NAME NOV'!$C86, Settings!$H:$H, 0)), "") -> 900 | V86: =(R86*T86)+(S86*T86*1.5) -> 0 | W86: =V86*5% -> 0 | X86: =V86-W86 -> 0 | AM86: =IFERROR(INDEX(Settings!$F:$F, MATCH('PROJECT NAME NOV'!$B86 & "-" & 'PROJECT NAME NOV'!$C86, Settings!$H:$H,0)), "") -> 112.5 | AN86: =IFERROR(INDEX(Settings!$G:$G, MATCH('PROJECT NAME NOV'!$B86 & "-" & 'PROJECT NAME NOV'!$C86, Settings!$H:$H, 0)), "") -> 900 | AO86: =SUM(Y86,AA86,AC86,AE86,AG86,AI86,AK86) -> 0 | AP86: =SUM(Z86,AB86,AD86,AF86,AH86,AJ86,AL86) -> 0 | AQ86: =(AO86*AM86)+(AP86*AM86) -> 0 | AR86: =AQ86*5% -> 0 | AS86: =AQ86-AR86 -> 0 | AU86: 8 | AV86: 0 | AW86: 8 | AX86: 0 | AY86: 8 | AZ86: 0 | BA86: 0 | BB86: 0 | BC86: 0 | BD86: 0 | BE86: 8 | BF86: 0 | BG86: 8 | BH86: 2 | BI86: =SUM(AU86,AW86,AY86,BA86,BC86,BE86,BG86) -> 40 | BJ86: =SUM(AV86,AX86,AZ86,BB86,BD86,BF86,BH86) -> 2 | BK86: =IFERROR(INDEX(Settings!$F:$F, MATCH('PROJECT NAME NOV'!$B86 & "-" & 'PROJECT NAME NOV'!$C86, Settings!$H:$H,0)), "") -> 112.5 | BL86: =IFERROR(INDEX(Settings!$G:$G, MATCH('PROJECT NAME NOV'!$B86 & "-" & 'PROJECT NAME NOV'!$C86, Settings!$H:$H, 0)), "") -> 900 | BM86: =(BI86*BK86)+(BJ86*BK86*1.5) -> 4837.5 | BN86: =BM86*5% -> 241.875 | BO86: =BM86-BN86 -> 4595.625 | BQ86: 8 | BR86: 4 | BS86: 0 | BT86: 0 | BU86: 0 | BV86: 0 | BW86: 8 | BX86: 4 | BY86: 8 | BZ86: 4 | CA86: 8 | CE86: =SUM(BQ86,BS86,BU86,BW86,BY86,CA86,CC86) -> 32 | CF86: =SUM(BR86,BT86,BV86,BX86,BZ86,CB86,CD86) -> 12 | CG86: =IFERROR(INDEX(Settings!$F:$F, MATCH('PROJECT NAME NOV'!$B86 & "-" & 'PROJECT NAME NOV'!$C86, Settings!$H:$H,0)), "") -> 112.5 | CH86: =IFERROR(INDEX(Settings!$G:$G, MATCH('PROJECT NAME NOV'!$B86 & "-" & 'PROJECT NAME NOV'!$C86, Settings!$H:$H, 0)), "") -> 900 | CI86: =(CE86*CG86)+(CF86*CG86*1.5) -> 5625 | CJ86: =CI86*5% -> 281.25 | CK86: =CI86-CJ86 -> 5343.75 | CS86: =SUM(CM86,CO86,CQ86) -> 0 | CT86: =SUM(CN86,CP86,CR86) -> 0 | CU86: =IFERROR(INDEX(Settings!$F:$F, MATCH('PROJECT NAME NOV'!$B86 & "-" & 'PROJECT NAME NOV'!$C86, Settings!$H:$H,0)), "") -> 112.5 | CV86: =IFERROR(INDEX(Settings!$G:$G, MATCH('PROJECT NAME NOV'!$B86 & "-" & 'PROJECT NAME NOV'!$C86, Settings!$H:$H, 0)), "") -> 900 | CW86: =(CU86*CS86)+(CT86*CU86) -> 0 | CX86: =CW86*5% -> 0 | CY86: =CW86-CX86 -> 0
B87: Ganesh | C87: Barbender Fitter | E87: Sagar Sethi | R87: =SUM(F87,H87,J87,L87,N87,P87) -> 0 | S87: =SUM(G87,I87,K87,M87,O87,Q87) -> 0 | T87: =IFERROR(INDEX(Settings!$F:$F, MATCH('PROJECT NAME NOV'!$B87 & "-" & 'PROJECT NAME NOV'!$C87, Settings!$H:$H,0)), "") -> 112.5 | U87: =IFERROR(INDEX(Settings!$G:$G, MATCH('PROJECT NAME NOV'!$B87 & "-" & 'PROJECT NAME NOV'!$C87, Settings!$H:$H, 0)), "") -> 900 | V87: =(R87*T87)+(S87*T87*1.5) -> 0 | W87: =V87*5% -> 0 | X87: =V87-W87 -> 0 | AM87: =IFERROR(INDEX(Settings!$F:$F, MATCH('PROJECT NAME NOV'!$B87 & "-" & 'PROJECT NAME NOV'!$C87, Settings!$H:$H,0)), "") -> 112.5 | AN87: =IFERROR(INDEX(Settings!$G:$G, MATCH('PROJECT NAME NOV'!$B87 & "-" & 'PROJECT NAME NOV'!$C87, Settings!$H:$H, 0)), "") -> 900 | AO87: =SUM(Y87,AA87,AC87,AE87,AG87,AI87,AK87) -> 0 | AP87: =SUM(Z87,AB87,AD87,AF87,AH87,AJ87,AL87) -> 0 | AQ87: =(AO87*AM87)+(AP87*AM87) -> 0 | AR87: =AQ87*5% -> 0 | AS87: =AQ87-AR87 -> 0 | AU87: 8 | AV87: 0 | AW87: 8 | AX87: 0 | AY87: 8 | AZ87: 0 | BA87: 8 | BB87: 3 | BC87: 8 | BD87: 2 | BE87: 8 | BF87: 0 | BG87: 0 | BH87: 0 | BI87: =SUM(AU87,AW87,AY87,BA87,BC87,BE87,BG87) -> 48 | BJ87: =SUM(AV87,AX87,AZ87,BB87,BD87,BF87,BH87) -> 5 | BK87: =IFERROR(INDEX(Settings!$F:$F, MATCH('PROJECT NAME NOV'!$B87 & "-" & 'PROJECT NAME NOV'!$C87, Settings!$H:$H,0)), "") -> 112.5 | BL87: =IFERROR(INDEX(Settings!$G:$G, MATCH('PROJECT NAME NOV'!$B87 & "-" & 'PROJECT NAME NOV'!$C87, Settings!$H:$H, 0)), "") -> 900 | BM87: =(BI87*BK87)+(BJ87*BK87*1.5) -> 6243.75 | BN87: =BM87*5% -> 312.1875 | BO87: =BM87-BN87 -> 5931.5625 | BQ87: 0 | BR87: 0 | BS87: 0 | BT87: 0 | BU87: 0 | BV87: 0 | BW87: 8 | BX87: 4 | BY87: 8 | BZ87: 4 | CA87: 8 | CE87: =SUM(BQ87,BS87,BU87,BW87,BY87,CA87,CC87) -> 24 | CF87: =SUM(BR87,BT87,BV87,BX87,BZ87,CB87,CD87) -> 8 | CG87: =IFERROR(INDEX(Settings!$F:$F, MATCH('PROJECT NAME NOV'!$B87 & "-" & 'PROJECT NAME NOV'!$C87, Settings!$H:$H,0)), "") -> 112.5 | CH87: =IFERROR(INDEX(Settings!$G:$G, MATCH('PROJECT NAME NOV'!$B87 & "-" & 'PROJECT NAME NOV'!$C87, Settings!$H:$H, 0)), "") -> 900 | CI87: =(CE87*CG87)+(CF87*CG87*1.5) -> 4050 | CJ87: =CI87*5% -> 202.5 | CK87: =CI87-CJ87 -> 3847.5 | CS87: =SUM(CM87,CO87,CQ87) -> 0 | CT87: =SUM(CN87,CP87,CR87) -> 0 | CU87: =IFERROR(INDEX(Settings!$F:$F, MATCH('PROJECT NAME NOV'!$B87 & "-" & 'PROJECT NAME NOV'!$C87, Settings!$H:$H,0)), "") -> 112.5 | CV87: =IFERROR(INDEX(Settings!$G:$G, MATCH('PROJECT NAME NOV'!$B87 & "-" & 'PROJECT NAME NOV'!$C87, Settings!$H:$H, 0)), "") -> 900 | CW87: =(CU87*CS87)+(CT87*CU87) -> 0 | CX87: =CW87*5% -> 0 | CY87: =CW87-CX87 -> 0
B88: Ganesh | C88: Barbender Fitter | E88: Ugresan Sethi | R88: =SUM(F88,H88,J88,L88,N88,P88) -> 0 | S88: =SUM(G88,I88,K88,M88,O88,Q88) -> 0 | T88: =IFERROR(INDEX(Settings!$F:$F, MATCH('PROJECT NAME NOV'!$B88 & "-" & 'PROJECT NAME NOV'!$C88, Settings!$H:$H,0)), "") -> 112.5 | U88: =IFERROR(INDEX(Settings!$G:$G, MATCH('PROJECT NAME NOV'!$B88 & "-" & 'PROJECT NAME NOV'!$C88, Settings!$H:$H, 0)), "") -> 900 | V88: =(R88*T88)+(S88*T88*1.5) -> 0 | W88: =V88*5% -> 0 | X88: =V88-W88 -> 0 | AM88: =IFERROR(INDEX(Settings!$F:$F, MATCH('PROJECT NAME NOV'!$B88 & "-" & 'PROJECT NAME NOV'!$C88, Settings!$H:$H,0)), "") -> 112.5 | AN88: =IFERROR(INDEX(Settings!$G:$G, MATCH('PROJECT NAME NOV'!$B88 & "-" & 'PROJECT NAME NOV'!$C88, Settings!$H:$H, 0)), "") -> 900 | AO88: =SUM(Y88,AA88,AC88,AE88,AG88,AI88,AK88) -> 0 | AP88: =SUM(Z88,AB88,AD88,AF88,AH88,AJ88,AL88) -> 0 | AQ88: =(AO88*AM88)+(AP88*AM88) -> 0 | AR88: =AQ88*5% -> 0 | AS88: =AQ88-AR88 -> 0 | AU88: 8 | AV88: 0 | AW88: 8 | AX88: 0 | AY88: 8 | AZ88: 0 | BA88: 8 | BB88: 3 | BC88: 8 | BD88: 2 | BE88: 8 | BF88: 0 | BG88: 8 | BH88: 2 | BI88: =SUM(AU88,AW88,AY88,BA88,BC88,BE88,BG88) -> 56 | BJ88: =SUM(AV88,AX88,AZ88,BB88,BD88,BF88,BH88) -> 7 | BK88: =IFERROR(INDEX(Settings!$F:$F, MATCH('PROJECT NAME NOV'!$B88 & "-" & 'PROJECT NAME NOV'!$C88, Settings!$H:$H,0)), "") -> 112.5 | BL88: =IFERROR(INDEX(Settings!$G:$G, MATCH('PROJECT NAME NOV'!$B88 & "-" & 'PROJECT NAME NOV'!$C88, Settings!$H:$H, 0)), "") -> 900 | BM88: =(BI88*BK88)+(BJ88*BK88*1.5) -> 7481.25 | BN88: =BM88*5% -> 374.0625 | BO88: =BM88-BN88 -> 7107.1875 | BQ88: 8 | BR88: 4 | BS88: 8 | BT88: 4 | BU88: 8 | BV88: 0 | BW88: 8 | BX88: 4 | BY88: 0 | BZ88: 0 | CA88: 0 | CE88: =SUM(BQ88,BS88,BU88,BW88,BY88,CA88,CC88) -> 32 | CF88: =SUM(BR88,BT88,BV88,BX88,BZ88,CB88,CD88) -> 12 | CG88: =IFERROR(INDEX(Settings!$F:$F, MATCH('PROJECT NAME NOV'!$B88 & "-" & 'PROJECT NAME NOV'!$C88, Settings!$H:$H,0)), "") -> 112.5 | CH88: =IFERROR(INDEX(Settings!$G:$G, MATCH('PROJECT NAME NOV'!$B88 & "-" & 'PROJECT NAME NOV'!$C88, Settings!$H:$H, 0)), "") -> 900 | CI88: =(CE88*CG88)+(CF88*CG88*1.5) -> 5625 | CJ88: =CI88*5% -> 281.25 | CK88: =CI88-CJ88 -> 5343.75 | CS88: =SUM(CM88,CO88,CQ88) -> 0 | CT88: =SUM(CN88,CP88,CR88) -> 0 | CU88: =IFERROR(INDEX(Settings!$F:$F, MATCH('PROJECT NAME NOV'!$B88 & "-" & 'PROJECT NAME NOV'!$C88, Settings!$H:$H,0)), "") -> 112.5 | CV88: =IFERROR(INDEX(Settings!$G:$G, MATCH('PROJECT NAME NOV'!$B88 & "-" & 'PROJECT NAME NOV'!$C88, Settings!$H:$H, 0)), "") -> 900 | CW88: =(CU88*CS88)+(CT88*CU88) -> 0 | CX88: =CW88*5% -> 0 | CY88: =CW88-CX88 -> 0
B89: Ganesh | C89: Barbender Fitter | E89: Jagabandhu Sethi | R89: =SUM(F89,H89,J89,L89,N89,P89) -> 0 | S89: =SUM(G89,I89,K89,M89,O89,Q89) -> 0 | T89: =IFERROR(INDEX(Settings!$F:$F, MATCH('PROJECT NAME NOV'!$B89 & "-" & 'PROJECT NAME NOV'!$C89, Settings!$H:$H,0)), "") -> 112.5 | U89: =IFERROR(INDEX(Settings!$G:$G, MATCH('PROJECT NAME NOV'!$B89 & "-" & 'PROJECT NAME NOV'!$C89, Settings!$H:$H, 0)), "") -> 900 | V89: =(R89*T89)+(S89*T89*1.5) -> 0 | W89: =V89*5% -> 0 | X89: =V89-W89 -> 0 | AM89: =IFERROR(INDEX(Settings!$F:$F, MATCH('PROJECT NAME NOV'!$B89 & "-" & 'PROJECT NAME NOV'!$C89, Settings!$H:$H,0)), "") -> 112.5 | AN89: =IFERROR(INDEX(Settings!$G:$G, MATCH('PROJECT NAME NOV'!$B89 & "-" & 'PROJECT NAME NOV'!$C89, Settings!$H:$H, 0)), "") -> 900 | AO89: =SUM(Y89,AA89,AC89,AE89,AG89,AI89,AK89) -> 0 | AP89: =SUM(Z89,AB89,AD89,AF89,AH89,AJ89,AL89) -> 0 | AQ89: =(AO89*AM89)+(AP89*AM89) -> 0 | AR89: =AQ89*5% -> 0 | AS89: =AQ89-AR89 -> 0 | AU89: 8 | AV89: 0 | AW89: 8 | AX89: 0 | AY89: 8 | AZ89: 0 | BA89: 8 | BB89: 3 | BC89: 8 | BD89: 2 | BE89: 8 | BF89: 0 | BG89: 8 | BH89: 2 | BI89: =SUM(AU89,AW89,AY89,BA89,BC89,BE89,BG89) -> 56 | BJ89: =SUM(AV89,AX89,AZ89,BB89,BD89,BF89,BH89) -> 7 | BK89: =IFERROR(INDEX(Settings!$F:$F, MATCH('PROJECT NAME NOV'!$B89 & "-" & 'PROJECT NAME NOV'!$C89, Settings!$H:$H,0)), "") -> 112.5 | BL89: =IFERROR(INDEX(Settings!$G:$G, MATCH('PROJECT NAME NOV'!$B89 & "-" & 'PROJECT NAME NOV'!$C89, Settings!$H:$H, 0)), "") -> 900 | BM89: =(BI89*BK89)+(BJ89*BK89*1.5) -> 7481.25 | BN89: =BM89*5% -> 374.0625 | BO89: =BM89-BN89 -> 7107.1875 | BQ89: 8 | BR89: 4 | BS89: 8 | BT89: 4 | BU89: 8 | BV89: 0 | BW89: 8 | BX89: 4 | BY89: 0 | BZ89: 0 | CA89: 0 | CE89: =SUM(BQ89,BS89,BU89,BW89,BY89,CA89,CC89) -> 32 | CF89: =SUM(BR89,BT89,BV89,BX89,BZ89,CB89,CD89) -> 12 | CG89: =IFERROR(INDEX(Settings!$F:$F, MATCH('PROJECT NAME NOV'!$B89 & "-" & 'PROJECT NAME NOV'!$C89, Settings!$H:$H,0)), "") -> 112.5 | CH89: =IFERROR(INDEX(Settings!$G:$G, MATCH('PROJECT NAME NOV'!$B89 & "-" & 'PROJECT NAME NOV'!$C89, Settings!$H:$H, 0)), "") -> 900 | CI89: =(CE89*CG89)+(CF89*CG89*1.5) -> 5625 | CJ89: =CI89*5% -> 281.25 | CK89: =CI89-CJ89 -> 5343.75 | CS89: =SUM(CM89,CO89,CQ89) -> 0 | CT89: =SUM(CN89,CP89,CR89) -> 0 | CU89: =IFERROR(INDEX(Settings!$F:$F, MATCH('PROJECT NAME NOV'!$B89 & "-" & 'PROJECT NAME NOV'!$C89, Settings!$H:$H,0)), "") -> 112.5 | CV89: =IFERROR(INDEX(Settings!$G:$G, MATCH('PROJECT NAME NOV'!$B89 & "-" & 'PROJECT NAME NOV'!$C89, Settings!$H:$H, 0)), "") -> 900 | CW89: =(CU89*CS89)+(CT89*CU89) -> 0 | CX89: =CW89*5% -> 0 | CY89: =CW89-CX89 -> 0
B90: Ganesh | C90: Barbender Fitter | E90: Gobinath Sethi | R90: =SUM(F90,H90,J90,L90,N90,P90) -> 0 | S90: =SUM(G90,I90,K90,M90,O90,Q90) -> 0 | T90: =IFERROR(INDEX(Settings!$F:$F, MATCH('PROJECT NAME NOV'!$B90 & "-" & 'PROJECT NAME NOV'!$C90, Settings!$H:$H,0)), "") -> 112.5 | U90: =IFERROR(INDEX(Settings!$G:$G, MATCH('PROJECT NAME NOV'!$B90 & "-" & 'PROJECT NAME NOV'!$C90, Settings!$H:$H, 0)), "") -> 900 | V90: =(R90*T90)+(S90*T90*1.5) -> 0 | W90: =V90*5% -> 0 | X90: =V90-W90 -> 0 | AM90: =IFERROR(INDEX(Settings!$F:$F, MATCH('PROJECT NAME NOV'!$B90 & "-" & 'PROJECT NAME NOV'!$C90, Settings!$H:$H,0)), "") -> 112.5 | AN90: =IFERROR(INDEX(Settings!$G:$G, MATCH('PROJECT NAME NOV'!$B90 & "-" & 'PROJECT NAME NOV'!$C90, Settings!$H:$H, 0)), "") -> 900 | AO90: =SUM(Y90,AA90,AC90,AE90,AG90,AI90,AK90) -> 0 | AP90: =SUM(Z90,AB90,AD90,AF90,AH90,AJ90,AL90) -> 0 | AQ90: =(AO90*AM90)+(AP90*AM90) -> 0 | AR90: =AQ90*5% -> 0 | AS90: =AQ90-AR90 -> 0 | AU90: 8 | AV90: 0 | AW90: 8 | AX90: 0 | AY90: 8 | AZ90: 0 | BA90: 8 | BB90: 3 | BC90: 8 | BD90: 2 | BE90: 8 | BF90: 0 | BG90: 8 | BH90: 2 | BI90: =SUM(AU90,AW90,AY90,BA90,BC90,BE90,BG90) -> 56 | BJ90: =SUM(AV90,AX90,AZ90,BB90,BD90,BF90,BH90) -> 7 | BK90: =IFERROR(INDEX(Settings!$F:$F, MATCH('PROJECT NAME NOV'!$B90 & "-" & 'PROJECT NAME NOV'!$C90, Settings!$H:$H,0)), "") -> 112.5 | BL90: =IFERROR(INDEX(Settings!$G:$G, MATCH('PROJECT NAME NOV'!$B90 & "-" & 'PROJECT NAME NOV'!$C90, Settings!$H:$H, 0)), "") -> 900 | BM90: =(BI90*BK90)+(BJ90*BK90*1.5) -> 7481.25 | BN90: =BM90*5% -> 374.0625 | BO90: =BM90-BN90 -> 7107.1875 | BQ90: 8 | BR90: 4 | BS90: 0 | BT90: 0 | BU90: 0 | BV90: 0 | BW90: 8 | BX90: 4 | BY90: 0 | BZ90: 0 | CA90: 0 | CE90: =SUM(BQ90,BS90,BU90,BW90,BY90,CA90,CC90) -> 16 | CF90: =SUM(BR90,BT90,BV90,BX90,BZ90,CB90,CD90) -> 8 | CG90: =IFERROR(INDEX(Settings!$F:$F, MATCH('PROJECT NAME NOV'!$B90 & "-" & 'PROJECT NAME NOV'!$C90, Settings!$H:$H,0)), "") -> 112.5 | CH90: =IFERROR(INDEX(Settings!$G:$G, MATCH('PROJECT NAME NOV'!$B90 & "-" & 'PROJECT NAME NOV'!$C90, Settings!$H:$H, 0)), "") -> 900 | CI90: =(CE90*CG90)+(CF90*CG90*1.5) -> 3150 | CJ90: =CI90*5% -> 157.5 | CK90: =CI90-CJ90 -> 2992.5 | CS90: =SUM(CM90,CO90,CQ90) -> 0 | CT90: =SUM(CN90,CP90,CR90) -> 0 | CU90: =IFERROR(INDEX(Settings!$F:$F, MATCH('PROJECT NAME NOV'!$B90 & "-" & 'PROJECT NAME NOV'!$C90, Settings!$H:$H,0)), "") -> 112.5 | CV90: =IFERROR(INDEX(Settings!$G:$G, MATCH('PROJECT NAME NOV'!$B90 & "-" & 'PROJECT NAME NOV'!$C90, Settings!$H:$H, 0)), "") -> 900 | CW90: =(CU90*CS90)+(CT90*CU90) -> 0 | CX90: =CW90*5% -> 0 | CY90: =CW90-CX90 -> 0
B91: Ganesh | C91: Barbender Fitter | E91: Dhukana Sethi | R91: =SUM(F91,H91,J91,L91,N91,P91) -> 0 | S91: =SUM(G91,I91,K91,M91,O91,Q91) -> 0 | T91: =IFERROR(INDEX(Settings!$F:$F, MATCH('PROJECT NAME NOV'!$B91 & "-" & 'PROJECT NAME NOV'!$C91, Settings!$H:$H,0)), "") -> 112.5 | U91: =IFERROR(INDEX(Settings!$G:$G, MATCH('PROJECT NAME NOV'!$B91 & "-" & 'PROJECT NAME NOV'!$C91, Settings!$H:$H, 0)), "") -> 900 | V91: =(R91*T91)+(S91*T91*1.5) -> 0 | W91: =V91*5% -> 0 | X91: =V91-W91 -> 0 | AM91: =IFERROR(INDEX(Settings!$F:$F, MATCH('PROJECT NAME NOV'!$B91 & "-" & 'PROJECT NAME NOV'!$C91, Settings!$H:$H,0)), "") -> 112.5 | AN91: =IFERROR(INDEX(Settings!$G:$G, MATCH('PROJECT NAME NOV'!$B91 & "-" & 'PROJECT NAME NOV'!$C91, Settings!$H:$H, 0)), "") -> 900 | AO91: =SUM(Y91,AA91,AC91,AE91,AG91,AI91,AK91) -> 0 | AP91: =SUM(Z91,AB91,AD91,AF91,AH91,AJ91,AL91) -> 0 | AQ91: =(AO91*AM91)+(AP91*AM91) -> 0 | AR91: =AQ91*5% -> 0 | AS91: =AQ91-AR91 -> 0 | AU91: 8 | AV91: 0 | AW91: 8 | AX91: 0 | AY91: 8 | AZ91: 0 | BA91: 8 | BB91: 3 | BC91: 8 | BD91: 2 | BE91: 8 | BF91: 0 | BG91: 8 | BH91: 2 | BI91: =SUM(AU91,AW91,AY91,BA91,BC91,BE91,BG91) -> 56 | BJ91: =SUM(AV91,AX91,AZ91,BB91,BD91,BF91,BH91) -> 7 | BK91: =IFERROR(INDEX(Settings!$F:$F, MATCH('PROJECT NAME NOV'!$B91 & "-" & 'PROJECT NAME NOV'!$C91, Settings!$H:$H,0)), "") -> 112.5 | BL91: =IFERROR(INDEX(Settings!$G:$G, MATCH('PROJECT NAME NOV'!$B91 & "-" & 'PROJECT NAME NOV'!$C91, Settings!$H:$H, 0)), "") -> 900 | BM91: =(BI91*BK91)+(BJ91*BK91*1.5) -> 7481.25 | BN91: =BM91*5% -> 374.0625 | BO91: =BM91-BN91 -> 7107.1875 | BQ91: 8 | BR91: 4 | BS91: 8 | BT91: 4 | BU91: 8 | BV91: 0 | BW91: 8 | BX91: 4 | BY91: 0 | BZ91: 0 | CA91: 0 | CE91: =SUM(BQ91,BS91,BU91,BW91,BY91,CA91,CC91) -> 32 | CF91: =SUM(BR91,BT91,BV91,BX91,BZ91,CB91,CD91) -> 12 | CG91: =IFERROR(INDEX(Settings!$F:$F, MATCH('PROJECT NAME NOV'!$B91 & "-" & 'PROJECT NAME NOV'!$C91, Settings!$H:$H,0)), "") -> 112.5 | CH91: =IFERROR(INDEX(Settings!$G:$G, MATCH('PROJECT NAME NOV'!$B91 & "-" & 'PROJECT NAME NOV'!$C91, Settings!$H:$H, 0)), "") -> 900 | CI91: =(CE91*CG91)+(CF91*CG91*1.5) -> 5625 | CJ91: =CI91*5% -> 281.25 | CK91: =CI91-CJ91 -> 5343.75 | CS91: =SUM(CM91,CO91,CQ91) -> 0 | CT91: =SUM(CN91,CP91,CR91) -> 0 | CU91: =IFERROR(INDEX(Settings!$F:$F, MATCH('PROJECT NAME NOV'!$B91 & "-" & 'PROJECT NAME NOV'!$C91, Settings!$H:$H,0)), "") -> 112.5 | CV91: =IFERROR(INDEX(Settings!$G:$G, MATCH('PROJECT NAME NOV'!$B91 & "-" & 'PROJECT NAME NOV'!$C91, Settings!$H:$H, 0)), "") -> 900 | CW91: =(CU91*CS91)+(CT91*CU91) -> 0 | CX91: =CW91*5% -> 0 | CY91: =CW91-CX91 -> 0
B92: Ganesh | C92: Barbender Fitter | E92: Bikash | R92: =SUM(F92,H92,J92,L92,N92,P92) -> 0 | S92: =SUM(G92,I92,K92,M92,O92,Q92) -> 0 | T92: =IFERROR(INDEX(Settings!$F:$F, MATCH('PROJECT NAME NOV'!$B92 & "-" & 'PROJECT NAME NOV'!$C92, Settings!$H:$H,0)), "") -> 112.5 | U92: =IFERROR(INDEX(Settings!$G:$G, MATCH('PROJECT NAME NOV'!$B92 & "-" & 'PROJECT NAME NOV'!$C92, Settings!$H:$H, 0)), "") -> 900 | V92: =(R92*T92)+(S92*T92*1.5) -> 0 | W92: =V92*5% -> 0 | X92: =V92-W92 -> 0 | AM92: =IFERROR(INDEX(Settings!$F:$F, MATCH('PROJECT NAME NOV'!$B92 & "-" & 'PROJECT NAME NOV'!$C92, Settings!$H:$H,0)), "") -> 112.5 | AN92: =IFERROR(INDEX(Settings!$G:$G, MATCH('PROJECT NAME NOV'!$B92 & "-" & 'PROJECT NAME NOV'!$C92, Settings!$H:$H, 0)), "") -> 900 | AO92: =SUM(Y92,AA92,AC92,AE92,AG92,AI92,AK92) -> 0 | AP92: =SUM(Z92,AB92,AD92,AF92,AH92,AJ92,AL92) -> 0 | AQ92: =(AO92*AM92)+(AP92*AM92) -> 0 | AR92: =AQ92*5% -> 0 | AS92: =AQ92-AR92 -> 0 | AU92: 8 | AV92: 0 | AW92: 8 | AX92: 0 | AY92: 8 | AZ92: 0 | BA92: 0 | BB92: 0 | BC92: 8 | BD92: 2 | BE92: 0 | BF92: 0 | BG92: 8 | BH92: 2 | BI92: =SUM(AU92,AW92,AY92,BA92,BC92,BE92,BG92) -> 40 | BJ92: =SUM(AV92,AX92,AZ92,BB92,BD92,BF92,BH92) -> 4 | BK92: =IFERROR(INDEX(Settings!$F:$F, MATCH('PROJECT NAME NOV'!$B92 & "-" & 'PROJECT NAME NOV'!$C92, Settings!$H:$H,0)), "") -> 112.5 | BL92: =IFERROR(INDEX(Settings!$G:$G, MATCH('PROJECT NAME NOV'!$B92 & "-" & 'PROJECT NAME NOV'!$C92, Settings!$H:$H, 0)), "") -> 900 | BM92: =(BI92*BK92)+(BJ92*BK92*1.5) -> 5175 | BN92: =BM92*5% -> 258.75 | BO92: =BM92-BN92 -> 4916.25 | BQ92: 8 | BR92: 4 | BS92: 8 | BT92: 4 | BU92: 8 | BV92: 0 | BW92: 8 | BX92: 4 | BY92: 0 | BZ92: 0 | CA92: 0 | CE92: =SUM(BQ92,BS92,BU92,BW92,BY92,CA92,CC92) -> 32 | CF92: =SUM(BR92,BT92,BV92,BX92,BZ92,CB92,CD92) -> 12 | CG92: =IFERROR(INDEX(Settings!$F:$F, MATCH('PROJECT NAME NOV'!$B92 & "-" & 'PROJECT NAME NOV'!$C92, Settings!$H:$H,0)), "") -> 112.5 | CH92: =IFERROR(INDEX(Settings!$G:$G, MATCH('PROJECT NAME NOV'!$B92 & "-" & 'PROJECT NAME NOV'!$C92, Settings!$H:$H, 0)), "") -> 900 | CI92: =(CE92*CG92)+(CF92*CG92*1.5) -> 5625 | CJ92: =CI92*5% -> 281.25 | CK92: =CI92-CJ92 -> 5343.75 | CS92: =SUM(CM92,CO92,CQ92) -> 0 | CT92: =SUM(CN92,CP92,CR92) -> 0 | CU92: =IFERROR(INDEX(Settings!$F:$F, MATCH('PROJECT NAME NOV'!$B92 & "-" & 'PROJECT NAME NOV'!$C92, Settings!$H:$H,0)), "") -> 112.5 | CV92: =IFERROR(INDEX(Settings!$G:$G, MATCH('PROJECT NAME NOV'!$B92 & "-" & 'PROJECT NAME NOV'!$C92, Settings!$H:$H, 0)), "") -> 900 | CW92: =(CU92*CS92)+(CT92*CU92) -> 0 | CX92: =CW92*5% -> 0 | CY92: =CW92-CX92 -> 0
B93: Ganesh | C93: Barbender Fitter | E93: Rai Kumar | R93: =SUM(F93,H93,J93,L93,N93,P93) -> 0 | S93: =SUM(G93,I93,K93,M93,O93,Q93) -> 0 | T93: =IFERROR(INDEX(Settings!$F:$F, MATCH('PROJECT NAME NOV'!$B93 & "-" & 'PROJECT NAME NOV'!$C93, Settings!$H:$H,0)), "") -> 112.5 | U93: =IFERROR(INDEX(Settings!$G:$G, MATCH('PROJECT NAME NOV'!$B93 & "-" & 'PROJECT NAME NOV'!$C93, Settings!$H:$H, 0)), "") -> 900 | V93: =(R93*T93)+(S93*T93*1.5) -> 0 | W93: =V93*5% -> 0 | X93: =V93-W93 -> 0 | AM93: =IFERROR(INDEX(Settings!$F:$F, MATCH('PROJECT NAME NOV'!$B93 & "-" & 'PROJECT NAME NOV'!$C93, Settings!$H:$H,0)), "") -> 112.5 | AN93: =IFERROR(INDEX(Settings!$G:$G, MATCH('PROJECT NAME NOV'!$B93 & "-" & 'PROJECT NAME NOV'!$C93, Settings!$H:$H, 0)), "") -> 900 | AO93: =SUM(Y93,AA93,AC93,AE93,AG93,AI93,AK93) -> 0 | AP93: =SUM(Z93,AB93,AD93,AF93,AH93,AJ93,AL93) -> 0 | AQ93: =(AO93*AM93)+(AP93*AM93) -> 0 | AR93: =AQ93*5% -> 0 | AS93: =AQ93-AR93 -> 0 | AU93: 8 | AV93: 0 | AW93: 8 | AX93: 0 | AY93: 8 | AZ93: 0 | BA93: 8 | BB93: 3 | BC93: 8 | BD93: 2 | BE93: 8 | BF93: 0 | BG93: 0 | BH93: 2 | BI93: =SUM(AU93,AW93,AY93,BA93,BC93,BE93,BG93) -> 48 | BJ93: =SUM(AV93,AX93,AZ93,BB93,BD93,BF93,BH93) -> 7 | BK93: =IFERROR(INDEX(Settings!$F:$F, MATCH('PROJECT NAME NOV'!$B93 & "-" & 'PROJECT NAME NOV'!$C93, Settings!$H:$H,0)), "") -> 112.5 | BL93: =IFERROR(INDEX(Settings!$G:$G, MATCH('PROJECT NAME NOV'!$B93 & "-" & 'PROJECT NAME NOV'!$C93, Settings!$H:$H, 0)), "") -> 900 | BM93: =(BI93*BK93)+(BJ93*BK93*1.5) -> 6581.25 | BN93: =BM93*5% -> 329.0625 | BO93: =BM93-BN93 -> 6252.1875 | BQ93: 8 | BR93: 4 | BS93: 8 | BT93: 4 | BU93: 8 | BV93: 0 | BW93: 0 | BX93: 0 | BY93: 0 | BZ93: 0 | CA93: 0 | CE93: =SUM(BQ93,BS93,BU93,BW93,BY93,CA93,CC93) -> 24 | CF93: =SUM(BR93,BT93,BV93,BX93,BZ93,CB93,CD93) -> 8 | CG93: =IFERROR(INDEX(Settings!$F:$F, MATCH('PROJECT NAME NOV'!$B93 & "-" & 'PROJECT NAME NOV'!$C93, Settings!$H:$H,0)), "") -> 112.5 | CH93: =IFERROR(INDEX(Settings!$G:$G, MATCH('PROJECT NAME NOV'!$B93 & "-" & 'PROJECT NAME NOV'!$C93, Settings!$H:$H, 0)), "") -> 900 | CI93: =(CE93*CG93)+(CF93*CG93*1.5) -> 4050 | CJ93: =CI93*5% -> 202.5 | CK93: =CI93-CJ93 -> 3847.5 | CS93: =SUM(CM93,CO93,CQ93) -> 0 | CT93: =SUM(CN93,CP93,CR93) -> 0 | CU93: =IFERROR(INDEX(Settings!$F:$F, MATCH('PROJECT NAME NOV'!$B93 & "-" & 'PROJECT NAME NOV'!$C93, Settings!$H:$H,0)), "") -> 112.5 | CV93: =IFERROR(INDEX(Settings!$G:$G, MATCH('PROJECT NAME NOV'!$B93 & "-" & 'PROJECT NAME NOV'!$C93, Settings!$H:$H, 0)), "") -> 900 | CW93: =(CU93*CS93)+(CT93*CU93) -> 0 | CX93: =CW93*5% -> 0 | CY93: =CW93-CX93 -> 0
B94: Ganesh | C94: Barbender Helper | E94: Pramod Kumar | R94: =SUM(F94,H94,J94,L94,N94,P94) -> 0 | S94: =SUM(G94,I94,K94,M94,O94,Q94) -> 0 | T94: =IFERROR(INDEX(Settings!$F:$F, MATCH('PROJECT NAME NOV'!$B94 & "-" & 'PROJECT NAME NOV'!$C94, Settings!$H:$H,0)), "") -> 106.25 | U94: =IFERROR(INDEX(Settings!$G:$G, MATCH('PROJECT NAME NOV'!$B94 & "-" & 'PROJECT NAME NOV'!$C94, Settings!$H:$H, 0)), "") -> 850 | V94: =(R94*T94)+(S94*T94*1.5) -> 0 | W94: =V94*5% -> 0 | X94: =V94-W94 -> 0 | AM94: =IFERROR(INDEX(Settings!$F:$F, MATCH('PROJECT NAME NOV'!$B94 & "-" & 'PROJECT NAME NOV'!$C94, Settings!$H:$H,0)), "") -> 106.25 | AN94: =IFERROR(INDEX(Settings!$G:$G, MATCH('PROJECT NAME NOV'!$B94 & "-" & 'PROJECT NAME NOV'!$C94, Settings!$H:$H, 0)), "") -> 850 | AO94: =SUM(Y94,AA94,AC94,AE94,AG94,AI94,AK94) -> 0 | AP94: =SUM(Z94,AB94,AD94,AF94,AH94,AJ94,AL94) -> 0 | AQ94: =(AO94*AM94)+(AP94*AM94) -> 0 | AR94: =AQ94*5% -> 0 | AS94: =AQ94-AR94 -> 0 | AU94: 8 | AV94: 0 | AW94: 8 | AX94: 0 | AY94: 8 | AZ94: 0 | BA94: 8 | BB94: 3 | BC94: 0 | BD94: 0 | BE94: 0 | BF94: 0 | BG94: 0 | BH94: 0 | BI94: =SUM(AU94,AW94,AY94,BA94,BC94,BE94,BG94) -> 32 | BJ94: =SUM(AV94,AX94,AZ94,BB94,BD94,BF94,BH94) -> 3 | BK94: =IFERROR(INDEX(Settings!$F:$F, MATCH('PROJECT NAME NOV'!$B94 & "-" & 'PROJECT NAME NOV'!$C94, Settings!$H:$H,0)), "") -> 106.25 | BL94: =IFERROR(INDEX(Settings!$G:$G, MATCH('PROJECT NAME NOV'!$B94 & "-" & 'PROJECT NAME NOV'!$C94, Settings!$H:$H, 0)), "") -> 850 | BM94: =(BI94*BK94)+(BJ94*BK94*1.5) -> 3878.125 | BN94: =BM94*5% -> 193.90625 | BO94: =BM94-BN94 -> 3684.2188 | BQ94: 8 | BR94: 4 | BS94: 8 | BT94: 4 | BU94: 0 | BV94: 0 | BW94: 0 | BX94: 0 | BY94: 0 | BZ94: 0 | CA94: 0 | CE94: =SUM(BQ94,BS94,BU94,BW94,BY94,CA94,CC94) -> 16 | CF94: =SUM(BR94,BT94,BV94,BX94,BZ94,CB94,CD94) -> 8 | CG94: =IFERROR(INDEX(Settings!$F:$F, MATCH('PROJECT NAME NOV'!$B94 & "-" & 'PROJECT NAME NOV'!$C94, Settings!$H:$H,0)), "") -> 106.25 | CH94: =IFERROR(INDEX(Settings!$G:$G, MATCH('PROJECT NAME NOV'!$B94 & "-" & 'PROJECT NAME NOV'!$C94, Settings!$H:$H, 0)), "") -> 850 | CI94: =(CE94*CG94)+(CF94*CG94*1.5) -> 2975 | CJ94: =CI94*5% -> 148.75 | CK94: =CI94-CJ94 -> 2826.25 | CS94: =SUM(CM94,CO94,CQ94) -> 0 | CT94: =SUM(CN94,CP94,CR94) -> 0 | CU94: =IFERROR(INDEX(Settings!$F:$F, MATCH('PROJECT NAME NOV'!$B94 & "-" & 'PROJECT NAME NOV'!$C94, Settings!$H:$H,0)), "") -> 106.25 | CV94: =IFERROR(INDEX(Settings!$G:$G, MATCH('PROJECT NAME NOV'!$B94 & "-" & 'PROJECT NAME NOV'!$C94, Settings!$H:$H, 0)), "") -> 850 | CW94: =(CU94*CS94)+(CT94*CU94) -> 0 | CX94: =CW94*5% -> 0 | CY94: =CW94-CX94 -> 0
B95: Ganesh | C95: Barbender Helper | E95: Jayram | R95: =SUM(F95,H95,J95,L95,N95,P95) -> 0 | S95: =SUM(G95,I95,K95,M95,O95,Q95) -> 0 | T95: =IFERROR(INDEX(Settings!$F:$F, MATCH('PROJECT NAME NOV'!$B95 & "-" & 'PROJECT NAME NOV'!$C95, Settings!$H:$H,0)), "") -> 106.25 | U95: =IFERROR(INDEX(Settings!$G:$G, MATCH('PROJECT NAME NOV'!$B95 & "-" & 'PROJECT NAME NOV'!$C95, Settings!$H:$H, 0)), "") -> 850 | V95: =(R95*T95)+(S95*T95*1.5) -> 0 | W95: =V95*5% -> 0 | X95: =V95-W95 -> 0 | AM95: =IFERROR(INDEX(Settings!$F:$F, MATCH('PROJECT NAME NOV'!$B95 & "-" & 'PROJECT NAME NOV'!$C95, Settings!$H:$H,0)), "") -> 106.25 | AN95: =IFERROR(INDEX(Settings!$G:$G, MATCH('PROJECT NAME NOV'!$B95 & "-" & 'PROJECT NAME NOV'!$C95, Settings!$H:$H, 0)), "") -> 850 | AO95: =SUM(Y95,AA95,AC95,AE95,AG95,AI95,AK95) -> 0 | AP95: =SUM(Z95,AB95,AD95,AF95,AH95,AJ95,AL95) -> 0 | AQ95: =(AO95*AM95)+(AP95*AM95) -> 0 | AR95: =AQ95*5% -> 0 | AS95: =AQ95-AR95 -> 0 | BI95: =SUM(AU95,AW95,AY95,BA95,BC95,BE95,BG95) -> 0 | BJ95: =SUM(AV95,AX95,AZ95,BB95,BD95,BF95,BH95) -> 0 | BK95: =IFERROR(INDEX(Settings!$F:$F, MATCH('PROJECT NAME NOV'!$B95 & "-" & 'PROJECT NAME NOV'!$C95, Settings!$H:$H,0)), "") -> 106.25 | BL95: =IFERROR(INDEX(Settings!$G:$G, MATCH('PROJECT NAME NOV'!$B95 & "-" & 'PROJECT NAME NOV'!$C95, Settings!$H:$H, 0)), "") -> 850 | BM95: =(BI95*BK95)+(BJ95*BK95*1.5) -> 0 | BN95: =BM95*5% -> 0 | BO95: =BM95-BN95 -> 0 | BQ95: 8 | BR95: 4 | BS95: 8 | BT95: 4 | BU95: 8 | BV95: 0 | BW95: 0 | BX95: 0 | BY95: 0 | BZ95: 0 | CA95: 0 | CE95: =SUM(BQ95,BS95,BU95,BW95,BY95,CA95,CC95) -> 24 | CF95: =SUM(BR95,BT95,BV95,BX95,BZ95,CB95,CD95) -> 8 | CG95: =IFERROR(INDEX(Settings!$F:$F, MATCH('PROJECT NAME NOV'!$B95 & "-" & 'PROJECT NAME NOV'!$C95, Settings!$H:$H,0)), "") -> 106.25 | CH95: =IFERROR(INDEX(Settings!$G:$G, MATCH('PROJECT NAME NOV'!$B95 & "-" & 'PROJECT NAME NOV'!$C95, Settings!$H:$H, 0)), "") -> 850 | CI95: =(CE95*CG95)+(CF95*CG95*1.5) -> 3825 | CJ95: =CI95*5% -> 191.25 | CK95: =CI95-CJ95 -> 3633.75 | CS95: =SUM(CM95,CO95,CQ95) -> 0 | CT95: =SUM(CN95,CP95,CR95) -> 0 | CU95: =IFERROR(INDEX(Settings!$F:$F, MATCH('PROJECT NAME NOV'!$B95 & "-" & 'PROJECT NAME NOV'!$C95, Settings!$H:$H,0)), "") -> 106.25 | CV95: =IFERROR(INDEX(Settings!$G:$G, MATCH('PROJECT NAME NOV'!$B95 & "-" & 'PROJECT NAME NOV'!$C95, Settings!$H:$H, 0)), "") -> 850 | CW95: =(CU95*CS95)+(CT95*CU95) -> 0 | CX95: =CW95*5% -> 0 | CY95: =CW95-CX95 -> 0
B96: Ganesh | C96: Barbender Helper | E96: Keshav | R96: =SUM(F96,H96,J96,L96,N96,P96) -> 0 | S96: =SUM(G96,I96,K96,M96,O96,Q96) -> 0 | T96: =IFERROR(INDEX(Settings!$F:$F, MATCH('PROJECT NAME NOV'!$B96 & "-" & 'PROJECT NAME NOV'!$C96, Settings!$H:$H,0)), "") -> 106.25 | U96: =IFERROR(INDEX(Settings!$G:$G, MATCH('PROJECT NAME NOV'!$B96 & "-" & 'PROJECT NAME NOV'!$C96, Settings!$H:$H, 0)), "") -> 850 | V96: =(R96*T96)+(S96*T96*1.5) -> 0 | W96: =V96*5% -> 0 | X96: =V96-W96 -> 0 | AM96: =IFERROR(INDEX(Settings!$F:$F, MATCH('PROJECT NAME NOV'!$B96 & "-" & 'PROJECT NAME NOV'!$C96, Settings!$H:$H,0)), "") -> 106.25 | AN96: =IFERROR(INDEX(Settings!$G:$G, MATCH('PROJECT NAME NOV'!$B96 & "-" & 'PROJECT NAME NOV'!$C96, Settings!$H:$H, 0)), "") -> 850 | AO96: =SUM(Y96,AA96,AC96,AE96,AG96,AI96,AK96) -> 0 | AP96: =SUM(Z96,AB96,AD96,AF96,AH96,AJ96,AL96) -> 0 | AQ96: =(AO96*AM96)+(AP96*AM96) -> 0 | AR96: =AQ96*5% -> 0 | AS96: =AQ96-AR96 -> 0 | BI96: =SUM(AU96,AW96,AY96,BA96,BC96,BE96,BG96) -> 0 | BJ96: =SUM(AV96,AX96,AZ96,BB96,BD96,BF96,BH96) -> 0 | BK96: =IFERROR(INDEX(Settings!$F:$F, MATCH('PROJECT NAME NOV'!$B96 & "-" & 'PROJECT NAME NOV'!$C96, Settings!$H:$H,0)), "") -> 106.25 | BL96: =IFERROR(INDEX(Settings!$G:$G, MATCH('PROJECT NAME NOV'!$B96 & "-" & 'PROJECT NAME NOV'!$C96, Settings!$H:$H, 0)), "") -> 850 | BM96: =(BI96*BK96)+(BJ96*BK96*1.5) -> 0 | BN96: =BM96*5% -> 0 | BO96: =BM96-BN96 -> 0 | BQ96: 8 | BR96: 4 | BS96: 0 | BT96: 0 | BU96: 8 | BV96: 0 | BW96: 0 | BX96: 0 | BY96: 0 | BZ96: 0 | CA96: 0 | CE96: =SUM(BQ96,BS96,BU96,BW96,BY96,CA96,CC96) -> 16 | CF96: =SUM(BR96,BT96,BV96,BX96,BZ96,CB96,CD96) -> 4 | CG96: =IFERROR(INDEX(Settings!$F:$F, MATCH('PROJECT NAME NOV'!$B96 & "-" & 'PROJECT NAME NOV'!$C96, Settings!$H:$H,0)), "") -> 106.25 | CH96: =IFERROR(INDEX(Settings!$G:$G, MATCH('PROJECT NAME NOV'!$B96 & "-" & 'PROJECT NAME NOV'!$C96, Settings!$H:$H, 0)), "") -> 850 | CI96: =(CE96*CG96)+(CF96*CG96*1.5) -> 2337.5 | CJ96: =CI96*5% -> 116.875 | CK96: =CI96-CJ96 -> 2220.625 | CS96: =SUM(CM96,CO96,CQ96) -> 0 | CT96: =SUM(CN96,CP96,CR96) -> 0 | CU96: =IFERROR(INDEX(Settings!$F:$F, MATCH('PROJECT NAME NOV'!$B96 & "-" & 'PROJECT NAME NOV'!$C96, Settings!$H:$H,0)), "") -> 106.25 | CV96: =IFERROR(INDEX(Settings!$G:$G, MATCH('PROJECT NAME NOV'!$B96 & "-" & 'PROJECT NAME NOV'!$C96, Settings!$H:$H, 0)), "") -> 850 | CW96: =(CU96*CS96)+(CT96*CU96) -> 0 | CX96: =CW96*5% -> 0 | CY96: =CW96-CX96 -> 0
B97: Ganesh | C97: Barbender Helper | E97: Pandlab | R97: =SUM(F97,H97,J97,L97,N97,P97) -> 0 | S97: =SUM(G97,I97,K97,M97,O97,Q97) -> 0 | T97: =IFERROR(INDEX(Settings!$F:$F, MATCH('PROJECT NAME NOV'!$B97 & "-" & 'PROJECT NAME NOV'!$C97, Settings!$H:$H,0)), "") -> 106.25 | U97: =IFERROR(INDEX(Settings!$G:$G, MATCH('PROJECT NAME NOV'!$B97 & "-" & 'PROJECT NAME NOV'!$C97, Settings!$H:$H, 0)), "") -> 850 | V97: =(R97*T97)+(S97*T97*1.5) -> 0 | W97: =V97*5% -> 0 | X97: =V97-W97 -> 0 | AM97: =IFERROR(INDEX(Settings!$F:$F, MATCH('PROJECT NAME NOV'!$B97 & "-" & 'PROJECT NAME NOV'!$C97, Settings!$H:$H,0)), "") -> 106.25 | AN97: =IFERROR(INDEX(Settings!$G:$G, MATCH('PROJECT NAME NOV'!$B97 & "-" & 'PROJECT NAME NOV'!$C97, Settings!$H:$H, 0)), "") -> 850 | AO97: =SUM(Y97,AA97,AC97,AE97,AG97,AI97,AK97) -> 0 | AP97: =SUM(Z97,AB97,AD97,AF97,AH97,AJ97,AL97) -> 0 | AQ97: =(AO97*AM97)+(AP97*AM97) -> 0 | AR97: =AQ97*5% -> 0 | AS97: =AQ97-AR97 -> 0 | BI97: =SUM(AU97,AW97,AY97,BA97,BC97,BE97,BG97) -> 0 | BJ97: =SUM(AV97,AX97,AZ97,BB97,BD97,BF97,BH97) -> 0 | BK97: =IFERROR(INDEX(Settings!$F:$F, MATCH('PROJECT NAME NOV'!$B97 & "-" & 'PROJECT NAME NOV'!$C97, Settings!$H:$H,0)), "") -> 106.25 | BL97: =IFERROR(INDEX(Settings!$G:$G, MATCH('PROJECT NAME NOV'!$B97 & "-" & 'PROJECT NAME NOV'!$C97, Settings!$H:$H, 0)), "") -> 850 | BM97: =(BI97*BK97)+(BJ97*BK97*1.5) -> 0 | BN97: =BM97*5% -> 0 | BO97: =BM97-BN97 -> 0 | BQ97: 8 | BR97: 4 | BS97: 8 | BT97: 4 | BU97: 8 | BV97: 0 | BW97: 0 | BX97: 0 | BY97: 8 | BZ97: 4 | CA97: 8 | CE97: =SUM(BQ97,BS97,BU97,BW97,BY97,CA97,CC97) -> 40 | CF97: =SUM(BR97,BT97,BV97,BX97,BZ97,CB97,CD97) -> 12 | CG97: =IFERROR(INDEX(Settings!$F:$F, MATCH('PROJECT NAME NOV'!$B97 & "-" & 'PROJECT NAME NOV'!$C97, Settings!$H:$H,0)), "") -> 106.25 | CH97: =IFERROR(INDEX(Settings!$G:$G, MATCH('PROJECT NAME NOV'!$B97 & "-" & 'PROJECT NAME NOV'!$C97, Settings!$H:$H, 0)), "") -> 850 | CI97: =(CE97*CG97)+(CF97*CG97*1.5) -> 6162.5 | CJ97: =CI97*5% -> 308.125 | CK97: =CI97-CJ97 -> 5854.375 | CS97: =SUM(CM97,CO97,CQ97) -> 0 | CT97: =SUM(CN97,CP97,CR97) -> 0 | CU97: =IFERROR(INDEX(Settings!$F:$F, MATCH('PROJECT NAME NOV'!$B97 & "-" & 'PROJECT NAME NOV'!$C97, Settings!$H:$H,0)), "") -> 106.25 | CV97: =IFERROR(INDEX(Settings!$G:$G, MATCH('PROJECT NAME NOV'!$B97 & "-" & 'PROJECT NAME NOV'!$C97, Settings!$H:$H, 0)), "") -> 850 | CW97: =(CU97*CS97)+(CT97*CU97) -> 0 | CX97: =CW97*5% -> 0 | CY97: =CW97-CX97 -> 0
B98: Ganesh | C98: Barbender Helper | E98: Ashok Kumar | R98: =SUM(F98,H98,J98,L98,N98,P98) -> 0 | S98: =SUM(G98,I98,K98,M98,O98,Q98) -> 0 | T98: =IFERROR(INDEX(Settings!$F:$F, MATCH('PROJECT NAME NOV'!$B98 & "-" & 'PROJECT NAME NOV'!$C98, Settings!$H:$H,0)), "") -> 106.25 | U98: =IFERROR(INDEX(Settings!$G:$G, MATCH('PROJECT NAME NOV'!$B98 & "-" & 'PROJECT NAME NOV'!$C98, Settings!$H:$H, 0)), "") -> 850 | V98: =(R98*T98)+(S98*T98*1.5) -> 0 | W98: =V98*5% -> 0 | X98: =V98-W98 -> 0 | AM98: =IFERROR(INDEX(Settings!$F:$F, MATCH('PROJECT NAME NOV'!$B98 & "-" & 'PROJECT NAME NOV'!$C98, Settings!$H:$H,0)), "") -> 106.25 | AN98: =IFERROR(INDEX(Settings!$G:$G, MATCH('PROJECT NAME NOV'!$B98 & "-" & 'PROJECT NAME NOV'!$C98, Settings!$H:$H, 0)), "") -> 850 | AO98: =SUM(Y98,AA98,AC98,AE98,AG98,AI98,AK98) -> 0 | AP98: =SUM(Z98,AB98,AD98,AF98,AH98,AJ98,AL98) -> 0 | AQ98: =(AO98*AM98)+(AP98*AM98) -> 0 | AR98: =AQ98*5% -> 0 | AS98: =AQ98-AR98 -> 0 | BI98: =SUM(AU98,AW98,AY98,BA98,BC98,BE98,BG98) -> 0 | BJ98: =SUM(AV98,AX98,AZ98,BB98,BD98,BF98,BH98) -> 0 | BK98: =IFERROR(INDEX(Settings!$F:$F, MATCH('PROJECT NAME NOV'!$B98 & "-" & 'PROJECT NAME NOV'!$C98, Settings!$H:$H,0)), "") -> 106.25 | BL98: =IFERROR(INDEX(Settings!$G:$G, MATCH('PROJECT NAME NOV'!$B98 & "-" & 'PROJECT NAME NOV'!$C98, Settings!$H:$H, 0)), "") -> 850 | BM98: =(BI98*BK98)+(BJ98*BK98*1.5) -> 0 | BN98: =BM98*5% -> 0 | BO98: =BM98-BN98 -> 0 | BQ98: 8 | BR98: 4 | BS98: 8 | BT98: 4 | BU98: 0 | BV98: 0 | BW98: 8 | BX98: 4 | BY98: 8 | BZ98: 4 | CA98: 8 | CE98: =SUM(BQ98,BS98,BU98,BW98,BY98,CA98,CC98) -> 40 | CF98: =SUM(BR98,BT98,BV98,BX98,BZ98,CB98,CD98) -> 16 | CG98: =IFERROR(INDEX(Settings!$F:$F, MATCH('PROJECT NAME NOV'!$B98 & "-" & 'PROJECT NAME NOV'!$C98, Settings!$H:$H,0)), "") -> 106.25 | CH98: =IFERROR(INDEX(Settings!$G:$G, MATCH('PROJECT NAME NOV'!$B98 & "-" & 'PROJECT NAME NOV'!$C98, Settings!$H:$H, 0)), "") -> 850 | CI98: =(CE98*CG98)+(CF98*CG98*1.5) -> 6800 | CJ98: =CI98*5% -> 340 | CK98: =CI98-CJ98 -> 6460 | CS98: =SUM(CM98,CO98,CQ98) -> 0 | CT98: =SUM(CN98,CP98,CR98) -> 0 | CU98: =IFERROR(INDEX(Settings!$F:$F, MATCH('PROJECT NAME NOV'!$B98 & "-" & 'PROJECT NAME NOV'!$C98, Settings!$H:$H,0)), "") -> 106.25 | CV98: =IFERROR(INDEX(Settings!$G:$G, MATCH('PROJECT NAME NOV'!$B98 & "-" & 'PROJECT NAME NOV'!$C98, Settings!$H:$H, 0)), "") -> 850 | CW98: =(CU98*CS98)+(CT98*CU98) -> 0 | CX98: =CW98*5% -> 0 | CY98: =CW98-CX98 -> 0
B99: Ganesh | C99: Barbender Helper | E99: Ajay Kumar | R99: =SUM(F99,H99,J99,L99,N99,P99) -> 0 | S99: =SUM(G99,I99,K99,M99,O99,Q99) -> 0 | T99: =IFERROR(INDEX(Settings!$F:$F, MATCH('PROJECT NAME NOV'!$B99 & "-" & 'PROJECT NAME NOV'!$C99, Settings!$H:$H,0)), "") -> 106.25 | U99: =IFERROR(INDEX(Settings!$G:$G, MATCH('PROJECT NAME NOV'!$B99 & "-" & 'PROJECT NAME NOV'!$C99, Settings!$H:$H, 0)), "") -> 850 | V99: =(R99*T99)+(S99*T99*1.5) -> 0 | W99: =V99*5% -> 0 | X99: =V99-W99 -> 0 | AM99: =IFERROR(INDEX(Settings!$F:$F, MATCH('PROJECT NAME NOV'!$B99 & "-" & 'PROJECT NAME NOV'!$C99, Settings!$H:$H,0)), "") -> 106.25 | AN99: =IFERROR(INDEX(Settings!$G:$G, MATCH('PROJECT NAME NOV'!$B99 & "-" & 'PROJECT NAME NOV'!$C99, Settings!$H:$H, 0)), "") -> 850 | AO99: =SUM(Y99,AA99,AC99,AE99,AG99,AI99,AK99) -> 0 | AP99: =SUM(Z99,AB99,AD99,AF99,AH99,AJ99,AL99) -> 0 | AQ99: =(AO99*AM99)+(AP99*AM99) -> 0 | AR99: =AQ99*5% -> 0 | AS99: =AQ99-AR99 -> 0 | BI99: =SUM(AU99,AW99,AY99,BA99,BC99,BE99,BG99) -> 0 | BJ99: =SUM(AV99,AX99,AZ99,BB99,BD99,BF99,BH99) -> 0 | BK99: =IFERROR(INDEX(Settings!$F:$F, MATCH('PROJECT NAME NOV'!$B99 & "-" & 'PROJECT NAME NOV'!$C99, Settings!$H:$H,0)), "") -> 106.25 | BL99: =IFERROR(INDEX(Settings!$G:$G, MATCH('PROJECT NAME NOV'!$B99 & "-" & 'PROJECT NAME NOV'!$C99, Settings!$H:$H, 0)), "") -> 850 | BM99: =(BI99*BK99)+(BJ99*BK99*1.5) -> 0 | BN99: =BM99*5% -> 0 | BO99: =BM99-BN99 -> 0 | BQ99: 8 | BR99: 4 | BS99: 0 | BT99: 0 | BU99: 0 | BV99: 0 | BW99: 8 | BX99: 4 | BY99: 8 | BZ99: 4 | CA99: 8 | CE99: =SUM(BQ99,BS99,BU99,BW99,BY99,CA99,CC99) -> 32 | CF99: =SUM(BR99,BT99,BV99,BX99,BZ99,CB99,CD99) -> 12 | CG99: =IFERROR(INDEX(Settings!$F:$F, MATCH('PROJECT NAME NOV'!$B99 & "-" & 'PROJECT NAME NOV'!$C99, Settings!$H:$H,0)), "") -> 106.25 | CH99: =IFERROR(INDEX(Settings!$G:$G, MATCH('PROJECT NAME NOV'!$B99 & "-" & 'PROJECT NAME NOV'!$C99, Settings!$H:$H, 0)), "") -> 850 | CI99: =(CE99*CG99)+(CF99*CG99*1.5) -> 5312.5 | CJ99: =CI99*5% -> 265.625 | CK99: =CI99-CJ99 -> 5046.875 | CS99: =SUM(CM99,CO99,CQ99) -> 0 | CT99: =SUM(CN99,CP99,CR99) -> 0 | CU99: =IFERROR(INDEX(Settings!$F:$F, MATCH('PROJECT NAME NOV'!$B99 & "-" & 'PROJECT NAME NOV'!$C99, Settings!$H:$H,0)), "") -> 106.25 | CV99: =IFERROR(INDEX(Settings!$G:$G, MATCH('PROJECT NAME NOV'!$B99 & "-" & 'PROJECT NAME NOV'!$C99, Settings!$H:$H, 0)), "") -> 850 | CW99: =(CU99*CS99)+(CT99*CU99) -> 0 | CX99: =CW99*5% -> 0 | CY99: =CW99-CX99 -> 0
B100: Ganesh | C100: Barbender Helper | E100: Amith Kumar | R100: =SUM(F100,H100,J100,L100,N100,P100) -> 0 | S100: =SUM(G100,I100,K100,M100,O100,Q100) -> 0 | T100: =IFERROR(INDEX(Settings!$F:$F, MATCH('PROJECT NAME NOV'!$B100 & "-" & 'PROJECT NAME NOV'!$C100, Settings!$H:$H,0)), "") -> 106.25 | U100: =IFERROR(INDEX(Settings!$G:$G, MATCH('PROJECT NAME NOV'!$B100 & "-" & 'PROJECT NAME NOV'!$C100, Settings!$H:$H, 0)), "") -> 850 | V100: =(R100*T100)+(S100*T100*1.5) -> 0 | W100: =V100*5% -> 0 | X100: =V100-W100 -> 0 | AM100: =IFERROR(INDEX(Settings!$F:$F, MATCH('PROJECT NAME NOV'!$B100 & "-" & 'PROJECT NAME NOV'!$C100, Settings!$H:$H,0)), "") -> 106.25 | AN100: =IFERROR(INDEX(Settings!$G:$G, MATCH('PROJECT NAME NOV'!$B100 & "-" & 'PROJECT NAME NOV'!$C100, Settings!$H:$H, 0)), "") -> 850 | AO100: =SUM(Y100,AA100,AC100,AE100,AG100,AI100,AK100) -> 0 | AP100: =SUM(Z100,AB100,AD100,AF100,AH100,AJ100,AL100) -> 0 | AQ100: =(AO100*AM100)+(AP100*AM100) -> 0 | AR100: =AQ100*5% -> 0 | AS100: =AQ100-AR100 -> 0 | BI100: =SUM(AU100,AW100,AY100,BA100,BC100,BE100,BG100) -> 0 | BJ100: =SUM(AV100,AX100,AZ100,BB100,BD100,BF100,BH100) -> 0 | BK100: =IFERROR(INDEX(Settings!$F:$F, MATCH('PROJECT NAME NOV'!$B100 & "-" & 'PROJECT NAME NOV'!$C100, Settings!$H:$H,0)), "") -> 106.25 | BL100: =IFERROR(INDEX(Settings!$G:$G, MATCH('PROJECT NAME NOV'!$B100 & "-" & 'PROJECT NAME NOV'!$C100, Settings!$H:$H, 0)), "") -> 850 | BM100: =(BI100*BK100)+(BJ100*BK100*1.5) -> 0 | BN100: =BM100*5% -> 0 | BO100: =BM100-BN100 -> 0 | BQ100: 8 | BR100: 4 | BS100: 0 | BT100: 0 | BU100: 0 | BV100: 0 | BW100: 8 | BX100: 4 | BY100: 8 | BZ100: 4 | CA100: 8 | CE100: =SUM(BQ100,BS100,BU100,BW100,BY100,CA100,CC100) -> 32 | CF100: =SUM(BR100,BT100,BV100,BX100,BZ100,CB100,CD100) -> 12 | CG100: =IFERROR(INDEX(Settings!$F:$F, MATCH('PROJECT NAME NOV'!$B100 & "-" & 'PROJECT NAME NOV'!$C100, Settings!$H:$H,0)), "") -> 106.25 | CH100: =IFERROR(INDEX(Settings!$G:$G, MATCH('PROJECT NAME NOV'!$B100 & "-" & 'PROJECT NAME NOV'!$C100, Settings!$H:$H, 0)), "") -> 850 | CI100: =(CE100*CG100)+(CF100*CG100*1.5) -> 5312.5 | CJ100: =CI100*5% -> 265.625 | CK100: =CI100-CJ100 -> 5046.875 | CS100: =SUM(CM100,CO100,CQ100) -> 0 | CT100: =SUM(CN100,CP100,CR100) -> 0 | CU100: =IFERROR(INDEX(Settings!$F:$F, MATCH('PROJECT NAME NOV'!$B100 & "-" & 'PROJECT NAME NOV'!$C100, Settings!$H:$H,0)), "") -> 106.25 | CV100: =IFERROR(INDEX(Settings!$G:$G, MATCH('PROJECT NAME NOV'!$B100 & "-" & 'PROJECT NAME NOV'!$C100, Settings!$H:$H, 0)), "") -> 850 | CW100: =(CU100*CS100)+(CT100*CU100) -> 0 | CX100: =CW100*5% -> 0 | CY100: =CW100-CX100 -> 0
B101: Ganesh | C101: Barbender Helper | E101: Nimai Kumar | R101: =SUM(F101,H101,J101,L101,N101,P101) -> 0 | S101: =SUM(G101,I101,K101,M101,O101,Q101) -> 0 | T101: =IFERROR(INDEX(Settings!$F:$F, MATCH('PROJECT NAME NOV'!$B101 & "-" & 'PROJECT NAME NOV'!$C101, Settings!$H:$H,0)), "") -> 106.25 | U101: =IFERROR(INDEX(Settings!$G:$G, MATCH('PROJECT NAME NOV'!$B101 & "-" & 'PROJECT NAME NOV'!$C101, Settings!$H:$H, 0)), "") -> 850 | V101: =(R101*T101)+(S101*T101*1.5) -> 0 | W101: =V101*5% -> 0 | X101: =V101-W101 -> 0 | AM101: =IFERROR(INDEX(Settings!$F:$F, MATCH('PROJECT NAME NOV'!$B101 & "-" & 'PROJECT NAME NOV'!$C101, Settings!$H:$H,0)), "") -> 106.25 | AN101: =IFERROR(INDEX(Settings!$G:$G, MATCH('PROJECT NAME NOV'!$B101 & "-" & 'PROJECT NAME NOV'!$C101, Settings!$H:$H, 0)), "") -> 850 | AO101: =SUM(Y101,AA101,AC101,AE101,AG101,AI101,AK101) -> 0 | AP101: =SUM(Z101,AB101,AD101,AF101,AH101,AJ101,AL101) -> 0 | AQ101: =(AO101*AM101)+(AP101*AM101) -> 0 | AR101: =AQ101*5% -> 0 | AS101: =AQ101-AR101 -> 0 | BI101: =SUM(AU101,AW101,AY101,BA101,BC101,BE101,BG101) -> 0 | BJ101: =SUM(AV101,AX101,AZ101,BB101,BD101,BF101,BH101) -> 0 | BK101: =IFERROR(INDEX(Settings!$F:$F, MATCH('PROJECT NAME NOV'!$B101 & "-" & 'PROJECT NAME NOV'!$C101, Settings!$H:$H,0)), "") -> 106.25 | BL101: =IFERROR(INDEX(Settings!$G:$G, MATCH('PROJECT NAME NOV'!$B101 & "-" & 'PROJECT NAME NOV'!$C101, Settings!$H:$H, 0)), "") -> 850 | BM101: =(BI101*BK101)+(BJ101*BK101*1.5) -> 0 | BN101: =BM101*5% -> 0 | BO101: =BM101-BN101 -> 0 | BQ101: 8 | BR101: 4 | BS101: 0 | BT101: 0 | BU101: 0 | BV101: 0 | BW101: 8 | BX101: 4 | BY101: 8 | BZ101: 4 | CA101: 8 | CE101: =SUM(BQ101,BS101,BU101,BW101,BY101,CA101,CC101) -> 32 | CF101: =SUM(BR101,BT101,BV101,BX101,BZ101,CB101,CD101) -> 12 | CG101: =IFERROR(INDEX(Settings!$F:$F, MATCH('PROJECT NAME NOV'!$B101 & "-" & 'PROJECT NAME NOV'!$C101, Settings!$H:$H,0)), "") -> 106.25 | CH101: =IFERROR(INDEX(Settings!$G:$G, MATCH('PROJECT NAME NOV'!$B101 & "-" & 'PROJECT NAME NOV'!$C101, Settings!$H:$H, 0)), "") -> 850 | CI101: =(CE101*CG101)+(CF101*CG101*1.5) -> 5312.5 | CJ101: =CI101*5% -> 265.625 | CK101: =CI101-CJ101 -> 5046.875 | CS101: =SUM(CM101,CO101,CQ101) -> 0 | CT101: =SUM(CN101,CP101,CR101) -> 0 | CU101: =IFERROR(INDEX(Settings!$F:$F, MATCH('PROJECT NAME NOV'!$B101 & "-" & 'PROJECT NAME NOV'!$C101, Settings!$H:$H,0)), "") -> 106.25 | CV101: =IFERROR(INDEX(Settings!$G:$G, MATCH('PROJECT NAME NOV'!$B101 & "-" & 'PROJECT NAME NOV'!$C101, Settings!$H:$H, 0)), "") -> 850 | CW101: =(CU101*CS101)+(CT101*CU101) -> 0 | CX101: =CW101*5% -> 0 | CY101: =CW101-CX101 -> 0
B102: Ganesh | C102: Barbender Helper | E102: Barun Das | R102: =SUM(F102,H102,J102,L102,N102,P102) -> 0 | S102: =SUM(G102,I102,K102,M102,O102,Q102) -> 0 | T102: =IFERROR(INDEX(Settings!$F:$F, MATCH('PROJECT NAME NOV'!$B102 & "-" & 'PROJECT NAME NOV'!$C102, Settings!$H:$H,0)), "") -> 106.25 | U102: =IFERROR(INDEX(Settings!$G:$G, MATCH('PROJECT NAME NOV'!$B102 & "-" & 'PROJECT NAME NOV'!$C102, Settings!$H:$H, 0)), "") -> 850 | V102: =(R102*T102)+(S102*T102*1.5) -> 0 | W102: =V102*5% -> 0 | X102: =V102-W102 -> 0 | AM102: =IFERROR(INDEX(Settings!$F:$F, MATCH('PROJECT NAME NOV'!$B102 & "-" & 'PROJECT NAME NOV'!$C102, Settings!$H:$H,0)), "") -> 106.25 | AN102: =IFERROR(INDEX(Settings!$G:$G, MATCH('PROJECT NAME NOV'!$B102 & "-" & 'PROJECT NAME NOV'!$C102, Settings!$H:$H, 0)), "") -> 850 | AO102: =SUM(Y102,AA102,AC102,AE102,AG102,AI102,AK102) -> 0 | AP102: =SUM(Z102,AB102,AD102,AF102,AH102,AJ102,AL102) -> 0 | AQ102: =(AO102*AM102)+(AP102*AM102) -> 0 | AR102: =AQ102*5% -> 0 | AS102: =AQ102-AR102 -> 0 | BI102: =SUM(AU102,AW102,AY102,BA102,BC102,BE102,BG102) -> 0 | BJ102: =SUM(AV102,AX102,AZ102,BB102,BD102,BF102,BH102) -> 0 | BK102: =IFERROR(INDEX(Settings!$F:$F, MATCH('PROJECT NAME NOV'!$B102 & "-" & 'PROJECT NAME NOV'!$C102, Settings!$H:$H,0)), "") -> 106.25 | BL102: =IFERROR(INDEX(Settings!$G:$G, MATCH('PROJECT NAME NOV'!$B102 & "-" & 'PROJECT NAME NOV'!$C102, Settings!$H:$H, 0)), "") -> 850 | BM102: =(BI102*BK102)+(BJ102*BK102*1.5) -> 0 | BN102: =BM102*5% -> 0 | BO102: =BM102-BN102 -> 0 | BQ102: 8 | BR102: 4 | BS102: 8 | BT102: 4 | BU102: 0 | BV102: 0 | BW102: 8 | BX102: 4 | BY102: 8 | BZ102: 0 | CA102: 8 | CE102: =SUM(BQ102,BS102,BU102,BW102,BY102,CA102,CC102) -> 40 | CF102: =SUM(BR102,BT102,BV102,BX102,BZ102,CB102,CD102) -> 12 | CG102: =IFERROR(INDEX(Settings!$F:$F, MATCH('PROJECT NAME NOV'!$B102 & "-" & 'PROJECT NAME NOV'!$C102, Settings!$H:$H,0)), "") -> 106.25 | CH102: =IFERROR(INDEX(Settings!$G:$G, MATCH('PROJECT NAME NOV'!$B102 & "-" & 'PROJECT NAME NOV'!$C102, Settings!$H:$H, 0)), "") -> 850 | CI102: =(CE102*CG102)+(CF102*CG102*1.5) -> 6162.5 | CJ102: =CI102*5% -> 308.125 | CK102: =CI102-CJ102 -> 5854.375 | CS102: =SUM(CM102,CO102,CQ102) -> 0 | CT102: =SUM(CN102,CP102,CR102) -> 0 | CU102: =IFERROR(INDEX(Settings!$F:$F, MATCH('PROJECT NAME NOV'!$B102 & "-" & 'PROJECT NAME NOV'!$C102, Settings!$H:$H,0)), "") -> 106.25 | CV102: =IFERROR(INDEX(Settings!$G:$G, MATCH('PROJECT NAME NOV'!$B102 & "-" & 'PROJECT NAME NOV'!$C102, Settings!$H:$H, 0)), "") -> 850 | CW102: =(CU102*CS102)+(CT102*CU102) -> 0 | CX102: =CW102*5% -> 0 | CY102: =CW102-CX102 -> 0
R103: =SUM(F103,H103,J103,L103,N103,P103) -> 0 | S103: =SUM(G103,I103,K103,M103,O103,Q103) -> 0 | T103: =IFERROR(INDEX(Settings!$F:$F, MATCH('PROJECT NAME NOV'!$B103 & "-" & 'PROJECT NAME NOV'!$C103, Settings!$H:$H,0)), "") -> 0 | U103: =IFERROR(INDEX(Settings!$G:$G, MATCH('PROJECT NAME NOV'!$B103 & "-" & 'PROJECT NAME NOV'!$C103, Settings!$H:$H, 0)), "") -> 0 | V103: =(R103*T103)+(S103*T103*1.5) -> 0 | W103: =V103*5% -> 0 | X103: =V103-W103 -> 0 | AM103: =IFERROR(INDEX(Settings!$F:$F, MATCH('PROJECT NAME NOV'!$B103 & "-" & 'PROJECT NAME NOV'!$C103, Settings!$H:$H,0)), "") -> 0 | AN103: =IFERROR(INDEX(Settings!$G:$G, MATCH('PROJECT NAME NOV'!$B103 & "-" & 'PROJECT NAME NOV'!$C103, Settings!$H:$H, 0)), "") -> 0 | AO103: =SUM(Y103,AA103,AC103,AE103,AG103,AI103,AK103) -> 0 | AP103: =SUM(Z103,AB103,AD103,AF103,AH103,AJ103,AL103) -> 0 | AQ103: =(AO103*AM103)+(AP103*AM103) -> 0 | AR103: =AQ103*5% -> 0 | AS103: =AQ103-AR103 -> 0 | BI103: =SUM(AU103,AW103,AY103,BA103,BC103,BE103,BG103) -> 0 | BJ103: =SUM(AV103,AX103,AZ103,BB103,BD103,BF103,BH103) -> 0 | BK103: =IFERROR(INDEX(Settings!$F:$F, MATCH('PROJECT NAME NOV'!$B103 & "-" & 'PROJECT NAME NOV'!$C103, Settings!$H:$H,0)), "") -> 0 | BL103: =IFERROR(INDEX(Settings!$G:$G, MATCH('PROJECT NAME NOV'!$B103 & "-" & 'PROJECT NAME NOV'!$C103, Settings!$H:$H, 0)), "") -> 0 | BM103: =(BI103*BK103)+(BJ103*BK103*1.5) -> 0 | BN103: =BM103*5% -> 0 | BO103: =BM103-BN103 -> 0 | CE103: =SUM(BQ103,BS103,BU103,BW103,BY103,CA103,CC103) -> 0 | CF103: =SUM(BR103,BT103,BV103,BX103,BZ103,CB103,CD103) -> 0 | CG103: =IFERROR(INDEX(Settings!$F:$F, MATCH('PROJECT NAME NOV'!$B103 & "-" & 'PROJECT NAME NOV'!$C103, Settings!$H:$H,0)), "") -> 0 | CH103: =IFERROR(INDEX(Settings!$G:$G, MATCH('PROJECT NAME NOV'!$B103 & "-" & 'PROJECT NAME NOV'!$C103, Settings!$H:$H, 0)), "") -> 0 | CI103: =(CE103*CG103)+(CF103*CG103*1.5) -> 0 | CJ103: =CI103*5% -> 0 | CK103: =CI103-CJ103 -> 0 | CS103: =SUM(CM103,CO103,CQ103) -> 0 | CT103: =SUM(CN103,CP103,CR103) -> 0 | CU103: =IFERROR(INDEX(Settings!$F:$F, MATCH('PROJECT NAME NOV'!$B103 & "-" & 'PROJECT NAME NOV'!$C103, Settings!$H:$H,0)), "") -> 0 | CV103: =IFERROR(INDEX(Settings!$G:$G, MATCH('PROJECT NAME NOV'!$B103 & "-" & 'PROJECT NAME NOV'!$C103, Settings!$H:$H, 0)), "") -> 0 | CW103: =(CU103*CS103)+(CT103*CU103) -> 0 | CX103: =CW103*5% -> 0 | CY103: =CW103-CX103 -> 0
...

